Name,SKUs,Routes,Vehicles,Customers,Instance,BIS Obj1,BB Obj1,CPU Obj1,V Obj1,BIS Obj2,BB Obj2,CPU Obj2,Greedy Obj1,Greedy Obj2,Greedy CPU,Gap Obj 1 01,Gap Obj 1 02,Gap Obj 1 03,Gap Obj 1 04,Gap Obj 1 05,Gap Obj 1 06,Gap Obj 1 07,Gap Obj 1 08,Gap Obj 1 09,Gap Obj 1 10,Gap Obj 1 11,Gap Obj 1 12,Gap Obj 1 13,Gap Obj 1 14,Gap Obj 1 15,Gap Obj 1 16,Gap Obj 1 17,Gap Obj 1 18,Gap Obj 1 19,Gap Obj 1 20,Gap Obj 1 21,Gap Obj 1 22,Gap Obj 1 23,Gap Obj 1 24,Gap Obj 1 25,Gap Obj 1 26,Gap Obj 1 27,Gap Obj 1 28,Gap Obj 1 29,Gap Obj 1 30,Gap Obj 1 31,Gap Obj 1 32,Gap Obj 1 33,Gap Obj 1 34,Gap Obj 1 35,Gap Obj 1 36,Gap Obj 1 37,Gap Obj 1 38,Gap Obj 1 39,Gap Obj 1 40,Gap Obj 1 41,Gap Obj 1 42,Gap Obj 1 43,Gap Obj 1 44,Gap Obj 1 45,Gap Obj 1 46,Gap Obj 1 47,Gap Obj 1 48,Gap Obj 1 49,Gap Obj 1 50,Gap Obj 1 51,Gap Obj 1 52,Gap Obj 1 53,Gap Obj 1 54,Gap Obj 1 55,Gap Obj 1 56,Gap Obj 1 57,Gap Obj 1 58,Gap Obj 1 59,Gap Obj 1 60,Gap Obj 2 01,Gap Obj 2 02,Gap Obj 2 03,Gap Obj 2 04,Gap Obj 2 05,Gap Obj 2 06,Gap Obj 2 07,Gap Obj 2 08,Gap Obj 2 09,Gap Obj 2 10,Gap Obj 2 11,Gap Obj 2 12,Gap Obj 2 13,Gap Obj 2 14,Gap Obj 2 15,Gap Obj 2 16,Gap Obj 2 17,Gap Obj 2 18,Gap Obj 2 19,Gap Obj 2 20,Gap Obj 2 21,Gap Obj 2 22,Gap Obj 2 23,Gap Obj 2 24,Gap Obj 2 25,Gap Obj 2 26,Gap Obj 2 27,Gap Obj 2 28,Gap Obj 2 29,Gap Obj 2 30,Gap Obj 2 31,Gap Obj 2 32,Gap Obj 2 33,Gap Obj 2 34,Gap Obj 2 35,Gap Obj 2 36,Gap Obj 2 37,Gap Obj 2 38,Gap Obj 2 39,Gap Obj 2 40,Gap Obj 2 41,Gap Obj 2 42,Gap Obj 2 43,Gap Obj 2 44,Gap Obj 2 45,Gap Obj 2 46,Gap Obj 2 47,Gap Obj 2 48,Gap Obj 2 49,Gap Obj 2 50,Gap Obj 2 51,Gap Obj 2 52,Gap Obj 2 53,Gap Obj 2 54,Gap Obj 2 55,Gap Obj 2 56,Gap Obj 2 57,Gap Obj 2 58,Gap Obj 2 59,Gap Obj 2 60
S100R10V5C5#1,100,10,5,5,1,25952256,25952256,3.63,5,5,5,0.26,25255936,5,0.125,0.00%,,,,,,,,,,,,,,,,,,,,,,,,,,,,,,,,,,,,,,,,,,,,,,,,,,,,,,,,,,,,0.00%,,,,,,,,,,,,,,,,,,,,,,,,,,,,,,,,,,,,,,,,,,,,,,,,,,,,,,,,,,,
S100R10V5C5#2,100,10,5,5,2,53170176,53170176,5.35,5,5,5,0.67,52183040,5,0.09375,0.00%,,,,,,,,,,,,,,,,,,,,,,,,,,,,,,,,,,,,,,,,,,,,,,,,,,,,,,,,,,,,0.00%,,,,,,,,,,,,,,,,,,,,,,,,,,,,,,,,,,,,,,,,,,,,,,,,,,,,,,,,,,,
S100R10V5C5#3,100,10,5,5,3,11094272,11094272,11.62,5,5,5,0.53,10807840,5,0.109375,0.00%,,,,,,,,,,,,,,,,,,,,,,,,,,,,,,,,,,,,,,,,,,,,,,,,,,,,,,,,,,,,0.00%,,,,,,,,,,,,,,,,,,,,,,,,,,,,,,,,,,,,,,,,,,,,,,,,,,,,,,,,,,,
S100R10V5C5#4,100,10,5,5,4,65062208,65062208,11.15,5,5,5,1.16,62792192,5,0.125,0.00%,,,,,,,,,,,,,,,,,,,,,,,,,,,,,,,,,,,,,,,,,,,,,,,,,,,,,,,,,,,,0.00%,,,,,,,,,,,,,,,,,,,,,,,,,,,,,,,,,,,,,,,,,,,,,,,,,,,,,,,,,,,
S100R10V5C5#5,100,10,5,5,5,45324160,45324160,10.2,5,5,5,0.45,42769408,5,0.09375,0.00%,,,,,,,,,,,,,,,,,,,,,,,,,,,,,,,,,,,,,,,,,,,,,,,,,,,,,,,,,,,,0.00%,,,,,,,,,,,,,,,,,,,,,,,,,,,,,,,,,,,,,,,,,,,,,,,,,,,,,,,,,,,
S100R10V5C10#1,100,10,5,10,1,64954368,64954370,3.97,5,5,5,0.18,62601216,5,0.140625,0.00%,,,,,,,,,,,,,,,,,,,,,,,,,,,,,,,,,,,,,,,,,,,,,,,,,,,,,,,,,,,,0.00%,,,,,,,,,,,,,,,,,,,,,,,,,,,,,,,,,,,,,,,,,,,,,,,,,,,,,,,,,,,
S100R10V5C10#2,100,10,5,10,2,46434304,46434304,4.88,5,5,5,0.29,44695552,5,0.09375,0.00%,,,,,,,,,,,,,,,,,,,,,,,,,,,,,,,,,,,,,,,,,,,,,,,,,,,,,,,,,,,,0.00%,,,,,,,,,,,,,,,,,,,,,,,,,,,,,,,,,,,,,,,,,,,,,,,,,,,,,,,,,,,
S100R10V5C10#3,100,10,5,10,3,43992064,43992064,6.23,5,5,5,0.56,43909120,5,0.109375,0.00%,,,,,,,,,,,,,,,,,,,,,,,,,,,,,,,,,,,,,,,,,,,,,,,,,,,,,,,,,,,,0.00%,,,,,,,,,,,,,,,,,,,,,,,,,,,,,,,,,,,,,,,,,,,,,,,,,,,,,,,,,,,
S100R10V5C10#4,100,10,5,10,4,36356096,36356096,4.61,5,5,5,0.62,36114432,5,0.171875,0.00%,,,,,,,,,,,,,,,,,,,,,,,,,,,,,,,,,,,,,,,,,,,,,,,,,,,,,,,,,,,,0.00%,,,,,,,,,,,,,,,,,,,,,,,,,,,,,,,,,,,,,,,,,,,,,,,,,,,,,,,,,,,
S100R10V5C10#5,100,10,5,10,5,25575424,25575424,4.54,5,5,5,0.67,23162880,5,0.125,0.00%,,,,,,,,,,,,,,,,,,,,,,,,,,,,,,,,,,,,,,,,,,,,,,,,,,,,,,,,,,,,0.00%,,,,,,,,,,,,,,,,,,,,,,,,,,,,,,,,,,,,,,,,,,,,,,,,,,,,,,,,,,,
S100R10V5C15#1,100,10,5,15,1,78217216,78217216,2.04,5,5,5,0.32,76877824,5,0.078125,0.00%,,,,,,,,,,,,,,,,,,,,,,,,,,,,,,,,,,,,,,,,,,,,,,,,,,,,,,,,,,,,0.00%,,,,,,,,,,,,,,,,,,,,,,,,,,,,,,,,,,,,,,,,,,,,,,,,,,,,,,,,,,,
S100R10V5C15#2,100,10,5,15,2,21373056,21373056,6.55,5,5,5,2.34,21259264,5,0.09375,0.00%,,,,,,,,,,,,,,,,,,,,,,,,,,,,,,,,,,,,,,,,,,,,,,,,,,,,,,,,,,,,0.00%,,,,,,,,,,,,,,,,,,,,,,,,,,,,,,,,,,,,,,,,,,,,,,,,,,,,,,,,,,,
S100R10V5C15#3,100,10,5,15,3,28098560,28098560,4.33,5,5,5,0.21,27762688,5,0.109375,0.00%,,,,,,,,,,,,,,,,,,,,,,,,,,,,,,,,,,,,,,,,,,,,,,,,,,,,,,,,,,,,0.00%,,,,,,,,,,,,,,,,,,,,,,,,,,,,,,,,,,,,,,,,,,,,,,,,,,,,,,,,,,,
S100R10V5C15#4,100,10,5,15,4,73670656,73670656,2.37,5,5,5,0.27,72753152,5,0.109375,0.00%,,,,,,,,,,,,,,,,,,,,,,,,,,,,,,,,,,,,,,,,,,,,,,,,,,,,,,,,,,,,0.00%,,,,,,,,,,,,,,,,,,,,,,,,,,,,,,,,,,,,,,,,,,,,,,,,,,,,,,,,,,,
S100R10V5C15#5,100,10,5,15,5,206225408,206225408,2.05,5,5,5,0.33,204832768,5,0.1875,0.00%,,,,,,,,,,,,,,,,,,,,,,,,,,,,,,,,,,,,,,,,,,,,,,,,,,,,,,,,,,,,0.00%,,,,,,,,,,,,,,,,,,,,,,,,,,,,,,,,,,,,,,,,,,,,,,,,,,,,,,,,,,,
S100R10V10C5#1,100,10,10,5,1,39832128,39832128,138.81,10,10,10,0.68,38953472,9,0.390625,5.00%,4.00%,0.00%,,,,,,,,,,,,,,,,,,,,,,,,,,,,,,,,,,,,,,,,,,,,,,,,,,,,,,,,,,0.00%,,,,,,,,,,,,,,,,,,,,,,,,,,,,,,,,,,,,,,,,,,,,,,,,,,,,,,,,,,,
S100R10V10C5#2,100,10,10,5,2,493114834,493114990.2,174.72,10,10,10,12.81,473515464,6,0.28125,5.00%,2.00%,0.00%,,,,,,,,,,,,,,,,,,,,,,,,,,,,,,,,,,,,,,,,,,,,,,,,,,,,,,,,,,0.00%,,,,,,,,,,,,,,,,,,,,,,,,,,,,,,,,,,,,,,,,,,,,,,,,,,,,,,,,,,,
S100R10V10C5#3,100,10,10,5,3,13027904,13027904,298.87,10,10,10,11.9,12038264,8,0.34375,11.00%,9.00%,7.00%,6.00%,0.00%,,,,,,,,,,,,,,,,,,,,,,,,,,,,,,,,,,,,,,,,,,,,,,,,,,,,,,,,0.00%,,,,,,,,,,,,,,,,,,,,,,,,,,,,,,,,,,,,,,,,,,,,,,,,,,,,,,,,,,,
S100R10V10C5#4,100,10,10,5,4,400705728.3,400705728.3,20.14,9,9,9,8.31,398523008,6,0.28125,0.00%,,,,,,,,,,,,,,,,,,,,,,,,,,,,,,,,,,,,,,,,,,,,,,,,,,,,,,,,,,,,0.00%,,,,,,,,,,,,,,,,,,,,,,,,,,,,,,,,,,,,,,,,,,,,,,,,,,,,,,,,,,,
S100R10V10C5#5,100,10,10,5,5,79396864,79396864,22.94,10,10,10,12.92,74483072,9,0.546875,0.00%,,,,,,,,,,,,,,,,,,,,,,,,,,,,,,,,,,,,,,,,,,,,,,,,,,,,,,,,,,,,0.00%,,,,,,,,,,,,,,,,,,,,,,,,,,,,,,,,,,,,,,,,,,,,,,,,,,,,,,,,,,,
S100R10V10C10#1,100,10,10,10,1,54896640,54896685.85,169.4,10,10,10,0.45,52786432,9,0.359375,6.00%,4.00%,0.00%,,,,,,,,,,,,,,,,,,,,,,,,,,,,,,,,,,,,,,,,,,,,,,,,,,,,,,,,,,0.00%,,,,,,,,,,,,,,,,,,,,,,,,,,,,,,,,,,,,,,,,,,,,,,,,,,,,,,,,,,,
S100R10V10C10#2,100,10,10,10,2,32204800,32204804,51.06,10,10,10,0.43,29263872,10,0.265625,0.00%,,,,,,,,,,,,,,,,,,,,,,,,,,,,,,,,,,,,,,,,,,,,,,,,,,,,,,,,,,,,0.00%,,,,,,,,,,,,,,,,,,,,,,,,,,,,,,,,,,,,,,,,,,,,,,,,,,,,,,,,,,,
S100R10V10C10#3,100,10,10,10,3,30843904,30843904,50.02,10,10,10,0.84,30138368,10,0.3125,0.00%,,,,,,,,,,,,,,,,,,,,,,,,,,,,,,,,,,,,,,,,,,,,,,,,,,,,,,,,,,,,0.00%,,,,,,,,,,,,,,,,,,,,,,,,,,,,,,,,,,,,,,,,,,,,,,,,,,,,,,,,,,,
S100R10V10C10#4,100,10,10,10,4,24571712,24571712,38.65,10,10,10,2.45,24061056,10,0.296875,0.00%,,,,,,,,,,,,,,,,,,,,,,,,,,,,,,,,,,,,,,,,,,,,,,,,,,,,,,,,,,,,0.00%,,,,,,,,,,,,,,,,,,,,,,,,,,,,,,,,,,,,,,,,,,,,,,,,,,,,,,,,,,,
S100R10V10C10#5,100,10,10,10,5,68675080,68675080,53.93,10,10,10,6.84,66245632,10,0.359375,0.00%,,,,,,,,,,,,,,,,,,,,,,,,,,,,,,,,,,,,,,,,,,,,,,,,,,,,,,,,,,,,0.00%,,,,,,,,,,,,,,,,,,,,,,,,,,,,,,,,,,,,,,,,,,,,,,,,,,,,,,,,,,,
S100R10V10C15#1,100,10,10,15,1,100784128,100784128,59.13,10,10,10,1.13,99768320,9,0.4375,0.00%,,,,,,,,,,,,,,,,,,,,,,,,,,,,,,,,,,,,,,,,,,,,,,,,,,,,,,,,,,,,0.00%,,,,,,,,,,,,,,,,,,,,,,,,,,,,,,,,,,,,,,,,,,,,,,,,,,,,,,,,,,,
S100R10V10C15#2,100,10,10,15,2,41346048,41346048,56.54,10,10,10,0.5,39558144,10,0.40625,0.00%,,,,,,,,,,,,,,,,,,,,,,,,,,,,,,,,,,,,,,,,,,,,,,,,,,,,,,,,,,,,0.00%,,,,,,,,,,,,,,,,,,,,,,,,,,,,,,,,,,,,,,,,,,,,,,,,,,,,,,,,,,,
S100R10V10C15#3,100,10,10,15,3,70377472,70377486.63,97.18,10,10,10,1.16,69055744,10,0.296875,0.00%,0.00%,,,,,,,,,,,,,,,,,,,,,,,,,,,,,,,,,,,,,,,,,,,,,,,,,,,,,,,,,,,0.00%,,,,,,,,,,,,,,,,,,,,,,,,,,,,,,,,,,,,,,,,,,,,,,,,,,,,,,,,,,,
S100R10V10C15#4,100,10,10,15,4,22818816,22818816.25,53.72,11,10,10,0.93,22204416,10,0.34375,0.00%,,,,,,,,,,,,,,,,,,,,,,,,,,,,,,,,,,,,,,,,,,,,,,,,,,,,,,,,,,,,0.00%,,,,,,,,,,,,,,,,,,,,,,,,,,,,,,,,,,,,,,,,,,,,,,,,,,,,,,,,,,,
S100R10V10C15#5,100,10,10,15,5,39440384,39440384,36.94,10,10,10,0.7,38871040,10,0.359375,0.00%,,,,,,,,,,,,,,,,,,,,,,,,,,,,,,,,,,,,,,,,,,,,,,,,,,,,,,,,,,,,0.00%,,,,,,,,,,,,,,,,,,,,,,,,,,,,,,,,,,,,,,,,,,,,,,,,,,,,,,,,,,,
S100R10V15C5#1,100,10,15,5,1,125493504.5,125493504.5,20.82,12,12,12,19.62,123134464,5,0.40625,0.00%,,,,,,,,,,,,,,,,,,,,,,,,,,,,,,,,,,,,,,,,,,,,,,,,,,,,,,,,,,,,0.00%,,,,,,,,,,,,,,,,,,,,,,,,,,,,,,,,,,,,,,,,,,,,,,,,,,,,,,,,,,,
S100R10V15C5#2,100,10,15,5,2,51647488,51647488,5.69,11,9,9,11.01,50992160,6,0.4375,0.00%,,,,,,,,,,,,,,,,,,,,,,,,,,,,,,,,,,,,,,,,,,,,,,,,,,,,,,,,,,,,0.00%,,,,,,,,,,,,,,,,,,,,,,,,,,,,,,,,,,,,,,,,,,,,,,,,,,,,,,,,,,,
S100R10V15C5#3,100,10,15,5,3,93107200,93107200,10.14,13,13,13,39.46,87170067,7,0.765625,0.00%,,,,,,,,,,,,,,,,,,,,,,,,,,,,,,,,,,,,,,,,,,,,,,,,,,,,,,,,,,,,0.00%,,,,,,,,,,,,,,,,,,,,,,,,,,,,,,,,,,,,,,,,,,,,,,,,,,,,,,,,,,,
S100R10V15C5#4,100,10,15,5,4,15114400,15114405.38,23.08,14,14,14,19.27,13132890.07,8,0.546875,0.00%,,,,,,,,,,,,,,,,,,,,,,,,,,,,,,,,,,,,,,,,,,,,,,,,,,,,,,,,,,,,0.00%,,,,,,,,,,,,,,,,,,,,,,,,,,,,,,,,,,,,,,,,,,,,,,,,,,,,,,,,,,,
S100R10V15C5#5,100,10,15,5,5,20116497,20116497,13.2,13,12,12,122.71,18844896,6,0.375,0.00%,,,,,,,,,,,,,,,,,,,,,,,,,,,,,,,,,,,,,,,,,,,,,,,,,,,,,,,,,,,,8.33%,8.33%,0.00%,,,,,,,,,,,,,,,,,,,,,,,,,,,,,,,,,,,,,,,,,,,,,,,,,,,,,,,,,
S100R10V15C10#1,100,10,15,10,1,125148480,125148586.7,378.8,15,15,15,3.44,121807872,15,0.734375,1.00%,1.00%,1.00%,1.00%,0.00%,0.00%,0.00%,,,,,,,,,,,,,,,,,,,,,,,,,,,,,,,,,,,,,,,,,,,,,,,,,,,,,,0.00%,,,,,,,,,,,,,,,,,,,,,,,,,,,,,,,,,,,,,,,,,,,,,,,,,,,,,,,,,,,
S100R10V15C10#2,100,10,15,10,2,71822976,71823036,168.92,15,15,15,2.04,71193776,15,0.6875,1.00%,1.00%,0.00%,,,,,,,,,,,,,,,,,,,,,,,,,,,,,,,,,,,,,,,,,,,,,,,,,,,,,,,,,,0.00%,,,,,,,,,,,,,,,,,,,,,,,,,,,,,,,,,,,,,,,,,,,,,,,,,,,,,,,,,,,
S100R10V15C10#3,100,10,15,10,3,600880840,600881310,375.57,15,15,15,5.37,580144384,13,0.59375,1.00%,1.00%,0.00%,0.00%,0.00%,0.00%,0.00%,,,,,,,,,,,,,,,,,,,,,,,,,,,,,,,,,,,,,,,,,,,,,,,,,,,,,,0.00%,,,,,,,,,,,,,,,,,,,,,,,,,,,,,,,,,,,,,,,,,,,,,,,,,,,,,,,,,,,
S100R10V15C10#4,100,10,15,10,4,150592024,150592120.1,114.94,15,15,15,0.9,145575528,15,0.796875,1.00%,0.00%,,,,,,,,,,,,,,,,,,,,,,,,,,,,,,,,,,,,,,,,,,,,,,,,,,,,,,,,,,,0.00%,,,,,,,,,,,,,,,,,,,,,,,,,,,,,,,,,,,,,,,,,,,,,,,,,,,,,,,,,,,
S100R10V15C10#5,100,10,15,10,5,2414821376,2414823677,208.56,15,15,15,0.64,2409799680,15,0.71875,1.00%,0.00%,0.00%,0.00%,,,,,,,,,,,,,,,,,,,,,,,,,,,,,,,,,,,,,,,,,,,,,,,,,,,,,,,,,0.00%,,,,,,,,,,,,,,,,,,,,,,,,,,,,,,,,,,,,,,,,,,,,,,,,,,,,,,,,,,,
S100R10V15C15#1,100,10,15,15,1,45189568,45189610.67,80.82,15,15,15,1.23,45041536,15,0.640625,0.00%,0.00%,,,,,,,,,,,,,,,,,,,,,,,,,,,,,,,,,,,,,,,,,,,,,,,,,,,,,,,,,,,0.00%,,,,,,,,,,,,,,,,,,,,,,,,,,,,,,,,,,,,,,,,,,,,,,,,,,,,,,,,,,,
S100R10V15C15#2,100,10,15,15,2,45228032,45228069.18,384.24,15,15,15,0.7,41461760,15,0.640625,2.00%,1.00%,1.00%,0.00%,0.00%,0.00%,0.00%,,,,,,,,,,,,,,,,,,,,,,,,,,,,,,,,,,,,,,,,,,,,,,,,,,,,,,0.00%,,,,,,,,,,,,,,,,,,,,,,,,,,,,,,,,,,,,,,,,,,,,,,,,,,,,,,,,,,,
S100R10V15C15#3,100,10,15,15,3,55019776,55019776,35.75,15,15,15,0.84,54665792,15,0.640625,0.00%,,,,,,,,,,,,,,,,,,,,,,,,,,,,,,,,,,,,,,,,,,,,,,,,,,,,,,,,,,,,0.00%,,,,,,,,,,,,,,,,,,,,,,,,,,,,,,,,,,,,,,,,,,,,,,,,,,,,,,,,,,,
S100R10V15C15#4,100,10,15,15,4,58273792,58273792,47.49,15,15,15,0.69,57860352,15,0.703125,0.00%,,,,,,,,,,,,,,,,,,,,,,,,,,,,,,,,,,,,,,,,,,,,,,,,,,,,,,,,,,,,0.00%,,,,,,,,,,,,,,,,,,,,,,,,,,,,,,,,,,,,,,,,,,,,,,,,,,,,,,,,,,,
S100R10V15C15#5,100,10,15,15,5,10787968,10787976.5,288.77,15,15,15,1.37,10420896,15,0.625,2.00%,2.00%,1.00%,0.00%,0.00%,,,,,,,,,,,,,,,,,,,,,,,,,,,,,,,,,,,,,,,,,,,,,,,,,,,,,,,,0.00%,,,,,,,,,,,,,,,,,,,,,,,,,,,,,,,,,,,,,,,,,,,,,,,,,,,,,,,,,,,
S100R10V20C5#1,100,10,20,5,1,28616336,28616336,10.05,13,11,11,9.08,27873832.25,7,0.765625,0.00%,,,,,,,,,,,,,,,,,,,,,,,,,,,,,,,,,,,,,,,,,,,,,,,,,,,,,,,,,,,,0.00%,,,,,,,,,,,,,,,,,,,,,,,,,,,,,,,,,,,,,,,,,,,,,,,,,,,,,,,,,,,
S100R10V20C5#2,100,10,20,5,2,111802889,111802889,5.42,11,11,11,18.83,109113408,6,0.671875,0.00%,,,,,,,,,,,,,,,,,,,,,,,,,,,,,,,,,,,,,,,,,,,,,,,,,,,,,,,,,,,,0.00%,,,,,,,,,,,,,,,,,,,,,,,,,,,,,,,,,,,,,,,,,,,,,,,,,,,,,,,,,,,
S100R10V20C5#3,100,10,20,5,3,22507584,22507584,3.38,11,11,11,14.29,20057093,4,0.4375,0.00%,,,,,,,,,,,,,,,,,,,,,,,,,,,,,,,,,,,,,,,,,,,,,,,,,,,,,,,,,,,,0.00%,,,,,,,,,,,,,,,,,,,,,,,,,,,,,,,,,,,,,,,,,,,,,,,,,,,,,,,,,,,
S100R10V20C5#4,100,10,20,5,4,27722368,27722368,14.36,15,11,11,20.45,27013120,7,0.6875,0.00%,,,,,,,,,,,,,,,,,,,,,,,,,,,,,,,,,,,,,,,,,,,,,,,,,,,,,,,,,,,,0.00%,,,,,,,,,,,,,,,,,,,,,,,,,,,,,,,,,,,,,,,,,,,,,,,,,,,,,,,,,,,
S100R10V20C5#5,100,10,20,5,5,21401801,21401810.01,3219.77,13,11,11,16.33,19923056.56,5,0.640625,18.00%,12.00%,12.00%,8.00%,7.00%,7.00%,7.00%,7.00%,7.00%,7.00%,7.00%,6.00%,6.00%,6.00%,6.00%,6.00%,5.00%,5.00%,5.00%,5.00%,5.00%,5.00%,5.00%,5.00%,5.00%,5.00%,5.00%,5.00%,4.00%,4.00%,4.00%,4.00%,4.00%,4.00%,4.00%,4.00%,4.00%,4.00%,4.00%,4.00%,3.00%,3.00%,3.00%,3.00%,3.00%,2.00%,2.00%,2.00%,1.00%,1.00%,1.00%,1.00%,0.00%,0.00%,,,,,,,0.00%,,,,,,,,,,,,,,,,,,,,,,,,,,,,,,,,,,,,,,,,,,,,,,,,,,,,,,,,,,,
S100R10V20C10#1,100,10,20,10,1,80352848,80352916,14.63,19,17,17,74.09,79283874,14,1.09375,0.00%,,,,,,,,,,,,,,,,,,,,,,,,,,,,,,,,,,,,,,,,,,,,,,,,,,,,,,,,,,,,19.60%,0.00%,,,,,,,,,,,,,,,,,,,,,,,,,,,,,,,,,,,,,,,,,,,,,,,,,,,,,,,,,,
S100R10V20C10#2,100,10,20,10,2,28994944,28994968,800.01,20,20,20,14.47,28699734.5,17,1.328125,1.00%,1.00%,0.00%,0.00%,0.00%,0.00%,0.00%,0.00%,0.00%,0.00%,0.00%,0.00%,0.00%,0.00%,,,,,,,,,,,,,,,,,,,,,,,,,,,,,,,,,,,,,,,,,,,,,,,0.00%,,,,,,,,,,,,,,,,,,,,,,,,,,,,,,,,,,,,,,,,,,,,,,,,,,,,,,,,,,,
S100R10V20C10#3,100,10,20,10,3,51014545,51014546.72,17.52,20,17,17,83.49,47343632.25,14,1.15625,0.00%,,,,,,,,,,,,,,,,,,,,,,,,,,,,,,,,,,,,,,,,,,,,,,,,,,,,,,,,,,,,19.00%,0.00%,,,,,,,,,,,,,,,,,,,,,,,,,,,,,,,,,,,,,,,,,,,,,,,,,,,,,,,,,,
S100R10V20C10#4,100,10,20,10,4,68048968,68048968,17.79,20,16,16,1431.4,60820000.38,13,1.109375,0.00%,,,,,,,,,,,,,,,,,,,,,,,,,,,,,,,,,,,,,,,,,,,,,,,,,,,,,,,,,,,,25.90%,25.10%,18.70%,17.50%,17.10%,17.00%,16.80%,16.60%,16.40%,16.30%,16.20%,16.00%,15.90%,15.80%,15.80%,15.70%,13.60%,12.30%,12.30%,12.30%,12.30%,12.30%,12.30%,0.00%,,,,,,,,,,,,,,,,,,,,,,,,,,,,,,,,,,,,
S100R10V20C10#5,100,10,20,10,5,106970568,106970568,596.09,20,20,20,1401.37,105204368,15,1.171875,1.00%,1.00%,1.00%,0.00%,0.00%,0.00%,0.00%,0.00%,0.00%,0.00%,,,,,,,,,,,,,,,,,,,,,,,,,,,,,,,,,,,,,,,,,,,,,,,,,,,19.30%,16.00%,15.40%,15.00%,15.00%,14.90%,14.90%,14.90%,14.90%,14.80%,14.50%,14.40%,14.20%,14.00%,12.70%,11.30%,10.40%,9.87%,9.40%,8.95%,8.54%,7.86%,6.87%,0.00%,,,,,,,,,,,,,,,,,,,,,,,,,,,,,,,,,,,,
S100R10V20C15#1,100,10,20,15,1,19273232.06,19273244.06,726.15,20,20,20,13.79,19099926,20,1.125,1.00%,1.00%,1.00%,1.00%,1.00%,1.00%,1.00%,1.00%,0.00%,0.00%,0.00%,0.00%,0.00%,,,,,,,,,,,,,,,,,,,,,,,,,,,,,,,,,,,,,,,,,,,,,,,,0.00%,,,,,,,,,,,,,,,,,,,,,,,,,,,,,,,,,,,,,,,,,,,,,,,,,,,,,,,,,,,
S100R10V20C15#2,100,10,20,15,2,65186176,65186225.23,2556.95,20,20,20,53.54,63917696,20,1.296875,7.00%,3.00%,2.00%,2.00%,1.00%,1.00%,1.00%,1.00%,1.00%,1.00%,1.00%,1.00%,1.00%,1.00%,1.00%,1.00%,1.00%,1.00%,1.00%,1.00%,1.00%,1.00%,1.00%,1.00%,1.00%,1.00%,1.00%,1.00%,1.00%,0.00%,0.00%,0.00%,0.00%,0.00%,0.00%,0.00%,0.00%,0.00%,0.00%,0.00%,0.00%,0.00%,0.00%,,,,,,,,,,,,,,,,,,0.00%,,,,,,,,,,,,,,,,,,,,,,,,,,,,,,,,,,,,,,,,,,,,,,,,,,,,,,,,,,,
S100R10V20C15#3,100,10,20,15,3,43536960,43537578.67,3600,20,20,20,1.36,43175168,20,1.203125,1.00%,1.00%,1.00%,0.00%,0.00%,0.00%,0.00%,0.00%,0.00%,0.00%,0.00%,0.00%,0.00%,0.00%,0.00%,0.00%,0.00%,0.00%,0.00%,0.00%,0.00%,0.00%,0.00%,0.00%,0.00%,0.00%,0.00%,0.00%,0.00%,0.00%,0.00%,0.00%,0.00%,0.00%,0.00%,0.00%,0.00%,0.00%,0.00%,0.00%,0.00%,0.00%,0.00%,0.00%,0.00%,0.00%,0.00%,0.00%,0.00%,0.00%,0.00%,0.00%,0.00%,0.00%,0.00%,0.00%,0.00%,0.00%,0.00%,0.00%,0.00%,,,,,,,,,,,,,,,,,,,,,,,,,,,,,,,,,,,,,,,,,,,,,,,,,,,,,,,,,,,
S100R10V20C15#4,100,10,20,15,4,25456586,25456611.18,1482.45,20,20,20,3.9,24901748.94,20,1.1875,1.00%,1.00%,1.00%,1.00%,1.00%,1.00%,1.00%,1.00%,1.00%,0.00%,0.00%,0.00%,0.00%,0.00%,0.00%,0.00%,0.00%,0.00%,0.00%,0.00%,0.00%,0.00%,0.00%,0.00%,0.00%,,,,,,,,,,,,,,,,,,,,,,,,,,,,,,,,,,,,0.00%,,,,,,,,,,,,,,,,,,,,,,,,,,,,,,,,,,,,,,,,,,,,,,,,,,,,,,,,,,,
S100R10V20C15#5,100,10,20,15,5,7613344.625,7613351.896,1151.79,20,20,20,6.65,7439712,20,1.203125,4.00%,3.00%,3.00%,3.00%,3.00%,2.00%,2.00%,2.00%,2.00%,1.00%,1.00%,1.00%,1.00%,1.00%,1.00%,1.00%,0.00%,0.00%,0.00%,0.00%,,,,,,,,,,,,,,,,,,,,,,,,,,,,,,,,,,,,,,,,,0.00%,,,,,,,,,,,,,,,,,,,,,,,,,,,,,,,,,,,,,,,,,,,,,,,,,,,,,,,,,,,
S100R10V25C5#1,100,10,25,5,1,148097076,148097118,57.52,15,12,12,36.68,146103360,6,0.90625,0.00%,,,,,,,,,,,,,,,,,,,,,,,,,,,,,,,,,,,,,,,,,,,,,,,,,,,,,,,,,,,,0.00%,,,,,,,,,,,,,,,,,,,,,,,,,,,,,,,,,,,,,,,,,,,,,,,,,,,,,,,,,,,
S100R10V25C5#2,100,10,25,5,2,60312320,60312320.5,18.13,12,11,11,49.31,59699968,6,0.96875,0.00%,,,,,,,,,,,,,,,,,,,,,,,,,,,,,,,,,,,,,,,,,,,,,,,,,,,,,,,,,,,,0.00%,,,,,,,,,,,,,,,,,,,,,,,,,,,,,,,,,,,,,,,,,,,,,,,,,,,,,,,,,,,
S100R10V25C5#3,100,10,25,5,3,20643456,20643456,3.44,13,12,12,43.03,18754036,6,0.84375,0.00%,,,,,,,,,,,,,,,,,,,,,,,,,,,,,,,,,,,,,,,,,,,,,,,,,,,,,,,,,,,,0.00%,,,,,,,,,,,,,,,,,,,,,,,,,,,,,,,,,,,,,,,,,,,,,,,,,,,,,,,,,,,
S100R10V25C5#4,100,10,25,5,4,553746944.3,553747331.8,36.12,11,11,11,361.24,550619136,6,0.875,0.00%,,,,,,,,,,,,,,,,,,,,,,,,,,,,,,,,,,,,,,,,,,,,,,,,,,,,,,,,,,,,27.50%,21.90%,21.40%,19.70%,17.00%,13.60%,0.00%,,,,,,,,,,,,,,,,,,,,,,,,,,,,,,,,,,,,,,,,,,,,,,,,,,,,,
S100R10V25C5#5,100,10,25,5,5,42428448.5,42428458.82,4.48,14,9,9,19.18,40333600,5,0.875,0.00%,,,,,,,,,,,,,,,,,,,,,,,,,,,,,,,,,,,,,,,,,,,,,,,,,,,,,,,,,,,,0.00%,,,,,,,,,,,,,,,,,,,,,,,,,,,,,,,,,,,,,,,,,,,,,,,,,,,,,,,,,,,
S100R10V25C10#1,100,10,25,10,1,19961584.66,19961584.66,45.33,21,16,15,3600,19663596,12,1.40625,0.00%,,,,,,,,,,,,,,,,,,,,,,,,,,,,,,,,,,,,,,,,,,,,,,,,,,,,,,,,,,,,27.90%,15.30%,10.70%,6.25%,6.25%,6.25%,6.25%,6.25%,6.25%,6.25%,6.25%,6.25%,6.25%,6.25%,6.25%,6.25%,6.25%,6.25%,6.25%,6.25%,6.25%,6.25%,6.25%,6.25%,6.25%,6.25%,6.25%,6.25%,6.25%,6.25%,6.25%,6.25%,6.25%,6.25%,6.25%,6.25%,6.25%,6.25%,6.25%,6.25%,6.25%,6.25%,6.25%,6.25%,6.25%,6.25%,6.25%,6.25%,6.25%,6.25%,6.25%,6.25%,6.25%,6.25%,6.25%,6.25%,6.25%,6.25%,6.25%,6.25%
S100R10V25C10#2,100,10,25,10,2,10071680,10071680,352.23,24,21,21,1360.05,9463308.004,15,1.484375,1.00%,0.00%,0.00%,0.00%,0.00%,0.00%,,,,,,,,,,,,,,,,,,,,,,,,,,,,,,,,,,,,,,,,,,,,,,,,,,,,,,,26.50%,25.90%,25.80%,21.90%,21.80%,21.70%,21.70%,21.60%,21.30%,20.70%,19.70%,16.90%,16.20%,15.70%,15.60%,15.60%,15.60%,15.60%,14.70%,13.60%,12.40%,10.70%,0.00%,,,,,,,,,,,,,,,,,,,,,,,,,,,,,,,,,,,,,
S100R10V25C10#3,100,10,25,10,3,42725985.59,42725985.59,7.04,23,18,18,387.08,41005869.5,14,1.453125,0.00%,,,,,,,,,,,,,,,,,,,,,,,,,,,,,,,,,,,,,,,,,,,,,,,,,,,,,,,,,,,,18.80%,16.20%,14.10%,12.40%,10.50%,5.56%,0.00%,,,,,,,,,,,,,,,,,,,,,,,,,,,,,,,,,,,,,,,,,,,,,,,,,,,,,
S100R10V25C10#4,100,10,25,10,4,58611393.03,58611447.69,127.15,20,17,17,94.96,57770787.01,13,1.625,0.00%,0.00%,0.00%,,,,,,,,,,,,,,,,,,,,,,,,,,,,,,,,,,,,,,,,,,,,,,,,,,,,,,,,,,25.00%,0.00%,,,,,,,,,,,,,,,,,,,,,,,,,,,,,,,,,,,,,,,,,,,,,,,,,,,,,,,,,,
S100R10V25C10#5,100,10,25,10,5,235928448.2,235928680.1,16.38,19,15,15,107.53,233588252.1,12,1.453125,0.00%,,,,,,,,,,,,,,,,,,,,,,,,,,,,,,,,,,,,,,,,,,,,,,,,,,,,,,,,,,,,21.50%,0.00%,,,,,,,,,,,,,,,,,,,,,,,,,,,,,,,,,,,,,,,,,,,,,,,,,,,,,,,,,,
S100R10V25C15#1,100,10,25,15,1,20328012.77,20328012.77,17.09,25,21,21,325.58,19369752,20,2.21875,0.00%,,,,,,,,,,,,,,,,,,,,,,,,,,,,,,,,,,,,,,,,,,,,,,,,,,,,,,,,,,,,20.80%,11.70%,11.30%,11.30%,6.88%,0.00%,,,,,,,,,,,,,,,,,,,,,,,,,,,,,,,,,,,,,,,,,,,,,,,,,,,,,,
S100R10V25C15#2,100,10,25,15,2,165109704.5,165112425.9,3600,25,25,24,3600,162315872,23,1.953125,1.00%,0.00%,0.00%,0.00%,0.00%,0.00%,0.00%,0.00%,0.00%,0.00%,0.00%,0.00%,0.00%,0.00%,0.00%,0.00%,0.00%,0.00%,0.00%,0.00%,0.00%,0.00%,0.00%,0.00%,0.00%,0.00%,0.00%,0.00%,0.00%,0.00%,0.00%,0.00%,0.00%,0.00%,0.00%,0.00%,0.00%,0.00%,0.00%,0.00%,0.00%,0.00%,0.00%,0.00%,0.00%,0.00%,0.00%,0.00%,0.00%,0.00%,0.00%,0.00%,0.00%,0.00%,0.00%,0.00%,0.00%,0.00%,0.00%,0.00%,6.82%,6.75%,6.75%,6.75%,6.75%,6.75%,6.75%,6.73%,6.65%,6.56%,6.53%,6.44%,6.42%,6.42%,6.42%,6.42%,6.42%,6.38%,6.34%,6.29%,6.26%,6.25%,6.25%,6.21%,6.18%,6.15%,6.12%,6.09%,6.07%,6.04%,6.02%,6.00%,5.98%,5.96%,5.94%,5.91%,5.90%,5.88%,5.86%,5.85%,5.85%,5.85%,5.83%,5.83%,5.82%,5.80%,5.79%,5.78%,5.76%,5.75%,5.73%,5.72%,5.71%,5.70%,5.69%,5.68%,5.67%,5.66%,5.65%,5.64%
S100R10V25C15#3,100,10,25,15,3,20041665.31,20041676.5,21.59,25,20,20,148.76,19832329.2,16,1.96875,0.00%,,,,,,,,,,,,,,,,,,,,,,,,,,,,,,,,,,,,,,,,,,,,,,,,,,,,,,,,,,,,24.40%,17.10%,0.00%,,,,,,,,,,,,,,,,,,,,,,,,,,,,,,,,,,,,,,,,,,,,,,,,,,,,,,,,,
S100R10V25C15#4,100,10,25,15,4,13682302.68,13682313.35,13.82,24,18,18,290.67,12134201.42,15,1.71875,0.00%,,,,,,,,,,,,,,,,,,,,,,,,,,,,,,,,,,,,,,,,,,,,,,,,,,,,,,,,,,,,16.90%,15.20%,12.70%,10.90%,0.00%,,,,,,,,,,,,,,,,,,,,,,,,,,,,,,,,,,,,,,,,,,,,,,,,,,,,,,,
S100R10V25C15#5,100,10,25,15,5,7135520,7135618.705,3600,25,25,25,8.79,6881835.376,25,1.875,1.00%,1.00%,1.00%,1.00%,1.00%,1.00%,1.00%,1.00%,1.00%,1.00%,1.00%,1.00%,1.00%,0.00%,0.00%,0.00%,0.00%,0.00%,0.00%,0.00%,0.00%,0.00%,0.00%,0.00%,0.00%,0.00%,0.00%,0.00%,0.00%,0.00%,0.00%,0.00%,0.00%,0.00%,0.00%,0.00%,0.00%,0.00%,0.00%,0.00%,0.00%,0.00%,0.00%,0.00%,0.00%,0.00%,0.00%,0.00%,0.00%,0.00%,0.00%,0.00%,0.00%,0.00%,0.00%,0.00%,0.00%,0.00%,0.00%,0.00%,0.00%,,,,,,,,,,,,,,,,,,,,,,,,,,,,,,,,,,,,,,,,,,,,,,,,,,,,,,,,,,,
S100R20V5C5#1,100,20,5,5,1,365166592,365166592,1.73,5,5,5,0.68,363593728,5,0.203125,0.00%,,,,,,,,,,,,,,,,,,,,,,,,,,,,,,,,,,,,,,,,,,,,,,,,,,,,,,,,,,,,0.00%,,,,,,,,,,,,,,,,,,,,,,,,,,,,,,,,,,,,,,,,,,,,,,,,,,,,,,,,,,,
S100R20V5C5#2,100,20,5,5,2,1765834752,1765834752,3.02,5,5,5,0.9,1760231424,5,0.203125,0.00%,,,,,,,,,,,,,,,,,,,,,,,,,,,,,,,,,,,,,,,,,,,,,,,,,,,,,,,,,,,,0.00%,,,,,,,,,,,,,,,,,,,,,,,,,,,,,,,,,,,,,,,,,,,,,,,,,,,,,,,,,,,
S100R20V5C5#3,100,20,5,5,3,67723264,67723264,10.27,5,5,5,1.36,62201856,5,0.234375,0.00%,,,,,,,,,,,,,,,,,,,,,,,,,,,,,,,,,,,,,,,,,,,,,,,,,,,,,,,,,,,,0.00%,,,,,,,,,,,,,,,,,,,,,,,,,,,,,,,,,,,,,,,,,,,,,,,,,,,,,,,,,,,
S100R20V5C5#4,100,20,5,5,4,49352704,49352704,7.56,5,5,5,0.92,48037888,5,0.21875,0.00%,,,,,,,,,,,,,,,,,,,,,,,,,,,,,,,,,,,,,,,,,,,,,,,,,,,,,,,,,,,,0.00%,,,,,,,,,,,,,,,,,,,,,,,,,,,,,,,,,,,,,,,,,,,,,,,,,,,,,,,,,,,
S100R20V5C5#5,100,20,5,5,5,65441792,65441792,9.85,5,5,5,1.73,63620096,5,0.203125,0.00%,,,,,,,,,,,,,,,,,,,,,,,,,,,,,,,,,,,,,,,,,,,,,,,,,,,,,,,,,,,,0.00%,,,,,,,,,,,,,,,,,,,,,,,,,,,,,,,,,,,,,,,,,,,,,,,,,,,,,,,,,,,
S100R20V5C10#1,100,20,5,10,1,81338368,81338368,8.37,5,5,5,1.54,78053376,5,0.203125,0.00%,,,,,,,,,,,,,,,,,,,,,,,,,,,,,,,,,,,,,,,,,,,,,,,,,,,,,,,,,,,,0.00%,,,,,,,,,,,,,,,,,,,,,,,,,,,,,,,,,,,,,,,,,,,,,,,,,,,,,,,,,,,
S100R20V5C10#2,100,20,5,10,2,220446720,220446720,6.47,5,5,5,0.64,218292224,5,0.171875,0.00%,,,,,,,,,,,,,,,,,,,,,,,,,,,,,,,,,,,,,,,,,,,,,,,,,,,,,,,,,,,,0.00%,,,,,,,,,,,,,,,,,,,,,,,,,,,,,,,,,,,,,,,,,,,,,,,,,,,,,,,,,,,
S100R20V5C10#3,100,20,5,10,3,103401472,103401472,8.24,5,5,5,1.99,99508224,5,0.25,0.00%,,,,,,,,,,,,,,,,,,,,,,,,,,,,,,,,,,,,,,,,,,,,,,,,,,,,,,,,,,,,0.00%,,,,,,,,,,,,,,,,,,,,,,,,,,,,,,,,,,,,,,,,,,,,,,,,,,,,,,,,,,,
S100R20V5C10#4,100,20,5,10,4,89325568,89325568,5.34,5,5,5,1.44,83886080,5,0.203125,0.00%,,,,,,,,,,,,,,,,,,,,,,,,,,,,,,,,,,,,,,,,,,,,,,,,,,,,,,,,,,,,0.00%,,,,,,,,,,,,,,,,,,,,,,,,,,,,,,,,,,,,,,,,,,,,,,,,,,,,,,,,,,,
S100R20V5C10#5,100,20,5,10,5,42704896,42704896,6.47,5,5,5,1.76,38752256,5,0.21875,0.00%,,,,,,,,,,,,,,,,,,,,,,,,,,,,,,,,,,,,,,,,,,,,,,,,,,,,,,,,,,,,0.00%,,,,,,,,,,,,,,,,,,,,,,,,,,,,,,,,,,,,,,,,,,,,,,,,,,,,,,,,,,,
S100R20V5C15#1,100,20,5,15,1,555548672,555548672,5.93,5,5,5,0.44,553779200,5,0.203125,0.00%,,,,,,,,,,,,,,,,,,,,,,,,,,,,,,,,,,,,,,,,,,,,,,,,,,,,,,,,,,,,0.00%,,,,,,,,,,,,,,,,,,,,,,,,,,,,,,,,,,,,,,,,,,,,,,,,,,,,,,,,,,,
S100R20V5C15#2,100,20,5,15,2,74907648,74907648,2.88,5,5,5,0.8,65929216,5,0.21875,0.00%,,,,,,,,,,,,,,,,,,,,,,,,,,,,,,,,,,,,,,,,,,,,,,,,,,,,,,,,,,,,0.00%,,,,,,,,,,,,,,,,,,,,,,,,,,,,,,,,,,,,,,,,,,,,,,,,,,,,,,,,,,,
S100R20V5C15#3,100,20,5,15,3,618143744,618143744,8.34,5,5,5,1.16,608960512,5,0.1875,0.00%,,,,,,,,,,,,,,,,,,,,,,,,,,,,,,,,,,,,,,,,,,,,,,,,,,,,,,,,,,,,0.00%,,,,,,,,,,,,,,,,,,,,,,,,,,,,,,,,,,,,,,,,,,,,,,,,,,,,,,,,,,,
S100R20V5C15#4,100,20,5,15,4,147046400,147046400,10.01,5,5,5,1.53,145489920,5,0.234375,0.00%,,,,,,,,,,,,,,,,,,,,,,,,,,,,,,,,,,,,,,,,,,,,,,,,,,,,,,,,,,,,0.00%,,,,,,,,,,,,,,,,,,,,,,,,,,,,,,,,,,,,,,,,,,,,,,,,,,,,,,,,,,,
S100R20V5C15#5,100,20,5,15,5,193773568,193773568,10.21,5,5,5,1.64,191008768,5,0.21875,0.00%,,,,,,,,,,,,,,,,,,,,,,,,,,,,,,,,,,,,,,,,,,,,,,,,,,,,,,,,,,,,0.00%,,,,,,,,,,,,,,,,,,,,,,,,,,,,,,,,,,,,,,,,,,,,,,,,,,,,,,,,,,,
S100R20V10C5#1,100,20,10,5,1,215060272,215060298,328.86,10,10,10,19.36,206703488,7,0.71875,344.00%,12.00%,9.00%,7.00%,3.00%,0.00%,,,,,,,,,,,,,,,,,,,,,,,,,,,,,,,,,,,,,,,,,,,,,,,,,,,,,,,0.00%,,,,,,,,,,,,,,,,,,,,,,,,,,,,,,,,,,,,,,,,,,,,,,,,,,,,,,,,,,,
S100R20V10C5#2,100,20,10,5,2,168103940.3,168103940.3,465.58,10,10,10,21.08,151944704.5,7,0.703125,39.00%,26.00%,24.00%,23.00%,22.00%,20.00%,15.00%,0.00%,,,,,,,,,,,,,,,,,,,,,,,,,,,,,,,,,,,,,,,,,,,,,,,,,,,,,0.00%,,,,,,,,,,,,,,,,,,,,,,,,,,,,,,,,,,,,,,,,,,,,,,,,,,,,,,,,,,,
S100R20V10C5#3,100,20,10,5,3,41395549,41395585.55,225.26,10,10,10,38.93,32552607.5,5,0.453125,27.00%,7.00%,4.00%,0.00%,,,,,,,,,,,,,,,,,,,,,,,,,,,,,,,,,,,,,,,,,,,,,,,,,,,,,,,,,0.00%,,,,,,,,,,,,,,,,,,,,,,,,,,,,,,,,,,,,,,,,,,,,,,,,,,,,,,,,,,,
S100R20V10C5#4,100,20,10,5,4,47202901.5,47202936.94,172.86,10,10,10,16.08,41280272,6,0.515625,3.00%,2.00%,0.00%,,,,,,,,,,,,,,,,,,,,,,,,,,,,,,,,,,,,,,,,,,,,,,,,,,,,,,,,,,0.00%,,,,,,,,,,,,,,,,,,,,,,,,,,,,,,,,,,,,,,,,,,,,,,,,,,,,,,,,,,,
S100R20V10C5#5,100,20,10,5,5,767459584,767460250.2,282.94,8,8,8,18.16,736419840,5,0.640625,4.00%,3.00%,1.00%,1.00%,0.00%,,,,,,,,,,,,,,,,,,,,,,,,,,,,,,,,,,,,,,,,,,,,,,,,,,,,,,,,0.00%,,,,,,,,,,,,,,,,,,,,,,,,,,,,,,,,,,,,,,,,,,,,,,,,,,,,,,,,,,,
S100R20V10C10#1,100,20,10,10,1,30778368,30778369.13,39.9,10,10,10,6.54,30102528,10,0.625,0.00%,,,,,,,,,,,,,,,,,,,,,,,,,,,,,,,,,,,,,,,,,,,,,,,,,,,,,,,,,,,,0.00%,,,,,,,,,,,,,,,,,,,,,,,,,,,,,,,,,,,,,,,,,,,,,,,,,,,,,,,,,,,
S100R20V10C10#2,100,20,10,10,2,28726272,28726272,48.26,10,10,10,3.63,27992064,10,0.6875,0.00%,,,,,,,,,,,,,,,,,,,,,,,,,,,,,,,,,,,,,,,,,,,,,,,,,,,,,,,,,,,,0.00%,,,,,,,,,,,,,,,,,,,,,,,,,,,,,,,,,,,,,,,,,,,,,,,,,,,,,,,,,,,
S100R20V10C10#3,100,20,10,10,3,39975424,39975456.06,670.86,10,10,10,25.48,35653632,10,0.75,82.00%,6.00%,2.00%,2.00%,2.00%,1.00%,1.00%,1.00%,1.00%,0.00%,0.00%,0.00%,,,,,,,,,,,,,,,,,,,,,,,,,,,,,,,,,,,,,,,,,,,,,,,,,0.00%,,,,,,,,,,,,,,,,,,,,,,,,,,,,,,,,,,,,,,,,,,,,,,,,,,,,,,,,,,,
S100R20V10C10#4,100,20,10,10,4,156532736,156532864,394.77,10,10,10,0.58,153845760,10,0.671875,2.00%,2.00%,2.00%,1.00%,1.00%,0.00%,0.00%,,,,,,,,,,,,,,,,,,,,,,,,,,,,,,,,,,,,,,,,,,,,,,,,,,,,,,0.00%,,,,,,,,,,,,,,,,,,,,,,,,,,,,,,,,,,,,,,,,,,,,,,,,,,,,,,,,,,,
S100R20V10C10#5,100,20,10,10,5,61481984.04,61481984.04,50.15,10,10,10,2.69,58335232,10,0.71875,0.00%,,,,,,,,,,,,,,,,,,,,,,,,,,,,,,,,,,,,,,,,,,,,,,,,,,,,,,,,,,,,0.00%,,,,,,,,,,,,,,,,,,,,,,,,,,,,,,,,,,,,,,,,,,,,,,,,,,,,,,,,,,,
S100R20V10C15#1,100,20,10,15,1,304578560,304578560,25.96,10,10,10,1,300269568,10,0.640625,0.00%,,,,,,,,,,,,,,,,,,,,,,,,,,,,,,,,,,,,,,,,,,,,,,,,,,,,,,,,,,,,0.00%,,,,,,,,,,,,,,,,,,,,,,,,,,,,,,,,,,,,,,,,,,,,,,,,,,,,,,,,,,,
S100R20V10C15#2,100,20,10,15,2,153729024,153729024,60.57,10,10,10,1.4,151568384,10,0.671875,1.00%,0.00%,,,,,,,,,,,,,,,,,,,,,,,,,,,,,,,,,,,,,,,,,,,,,,,,,,,,,,,,,,,0.00%,,,,,,,,,,,,,,,,,,,,,,,,,,,,,,,,,,,,,,,,,,,,,,,,,,,,,,,,,,,
S100R20V10C15#3,100,20,10,15,3,65290240,65290240,59.9,10,10,10,9.6,63090688,10,0.921875,0.00%,,,,,,,,,,,,,,,,,,,,,,,,,,,,,,,,,,,,,,,,,,,,,,,,,,,,,,,,,,,,0.00%,,,,,,,,,,,,,,,,,,,,,,,,,,,,,,,,,,,,,,,,,,,,,,,,,,,,,,,,,,,
S100R20V10C15#4,100,20,10,15,4,700022784.1,700023324,54.28,10,10,10,1.58,693510144,10,0.734375,0.00%,,,,,,,,,,,,,,,,,,,,,,,,,,,,,,,,,,,,,,,,,,,,,,,,,,,,,,,,,,,,0.00%,,,,,,,,,,,,,,,,,,,,,,,,,,,,,,,,,,,,,,,,,,,,,,,,,,,,,,,,,,,
S100R20V10C15#5,100,20,10,15,5,76775424,76775424,32.51,10,10,10,0.89,75047424,10,0.734375,0.00%,,,,,,,,,,,,,,,,,,,,,,,,,,,,,,,,,,,,,,,,,,,,,,,,,,,,,,,,,,,,0.00%,,,,,,,,,,,,,,,,,,,,,,,,,,,,,,,,,,,,,,,,,,,,,,,,,,,,,,,,,,,
S100R20V15C5#1,100,20,15,5,1,111999756.1,111999756.1,250.37,11,11,11,30.82,98596032.06,6,0.921875,39.00%,33.00%,15.00%,2.00%,0.00%,,,,,,,,,,,,,,,,,,,,,,,,,,,,,,,,,,,,,,,,,,,,,,,,,,,,,,,,0.00%,,,,,,,,,,,,,,,,,,,,,,,,,,,,,,,,,,,,,,,,,,,,,,,,,,,,,,,,,,,
S100R20V15C5#2,100,20,15,5,2,150974492,150974492,23.33,13,11,11,12.58,140585122,6,0.875,0.00%,,,,,,,,,,,,,,,,,,,,,,,,,,,,,,,,,,,,,,,,,,,,,,,,,,,,,,,,,,,,0.00%,,,,,,,,,,,,,,,,,,,,,,,,,,,,,,,,,,,,,,,,,,,,,,,,,,,,,,,,,,,
S100R20V15C5#3,100,20,15,5,3,93745428.5,93745428.5,185.75,12,12,12,28.09,75899912,5,0.75,7.00%,6.00%,3.00%,0.00%,,,,,,,,,,,,,,,,,,,,,,,,,,,,,,,,,,,,,,,,,,,,,,,,,,,,,,,,,0.00%,,,,,,,,,,,,,,,,,,,,,,,,,,,,,,,,,,,,,,,,,,,,,,,,,,,,,,,,,,,
S100R20V15C5#4,100,20,15,5,4,317935920,317935920,78.35,15,15,14,3600,313414656,12,1.421875,1.00%,0.00%,,,,,,,,,,,,,,,,,,,,,,,,,,,,,,,,,,,,,,,,,,,,,,,,,,,,,,,,,,,18.30%,11.90%,6.67%,6.67%,6.67%,6.67%,6.67%,6.67%,6.67%,6.67%,6.67%,6.67%,6.67%,6.67%,6.67%,6.67%,6.67%,6.67%,6.67%,6.67%,6.67%,6.67%,6.67%,6.67%,6.67%,6.67%,6.67%,6.67%,6.67%,6.67%,6.67%,6.67%,6.67%,6.67%,6.67%,6.67%,6.67%,6.67%,6.67%,6.67%,6.67%,6.67%,6.67%,6.67%,6.67%,6.67%,6.67%,6.67%,6.67%,6.67%,6.67%,6.67%,6.67%,6.67%,6.67%,6.67%,6.67%,6.67%,6.67%,6.67%
S100R20V15C5#5,100,20,15,5,5,119284048,119284126.3,932.06,11,11,11,31.09,98345856,5,0.9375,21.00%,17.00%,13.00%,13.00%,12.00%,10.00%,10.00%,9.00%,8.00%,8.00%,8.00%,7.00%,6.00%,5.00%,1.00%,0.00%,,,,,,,,,,,,,,,,,,,,,,,,,,,,,,,,,,,,,,,,,,,,,0.00%,,,,,,,,,,,,,,,,,,,,,,,,,,,,,,,,,,,,,,,,,,,,,,,,,,,,,,,,,,,
S100R20V15C10#1,100,20,15,10,1,396709888,396710058.7,341.05,15,15,15,8.56,380949760,15,1.546875,9.00%,6.00%,2.00%,1.00%,1.00%,0.00%,,,,,,,,,,,,,,,,,,,,,,,,,,,,,,,,,,,,,,,,,,,,,,,,,,,,,,,0.00%,,,,,,,,,,,,,,,,,,,,,,,,,,,,,,,,,,,,,,,,,,,,,,,,,,,,,,,,,,,
S100R20V15C10#2,100,20,15,10,2,25102976,25102999.37,538.65,15,15,15,69.31,22812708,15,1.5,58.00%,40.00%,22.00%,17.00%,17.00%,15.00%,12.00%,7.00%,0.00%,,,,,,,,,,,,,,,,,,,,,,,,,,,,,,,,,,,,,,,,,,,,,,,,,,,,12.90%,0.00%,,,,,,,,,,,,,,,,,,,,,,,,,,,,,,,,,,,,,,,,,,,,,,,,,,,,,,,,,,
S100R20V15C10#3,100,20,15,10,3,142132800,142144708.9,3600,15,15,15,44.87,132363392,15,1.921875,108.00%,94.00%,53.00%,43.00%,43.00%,35.00%,33.00%,31.00%,30.00%,30.00%,30.00%,30.00%,25.00%,23.00%,23.00%,23.00%,23.00%,23.00%,23.00%,22.00%,22.00%,11.00%,3.00%,1.00%,1.00%,1.00%,1.00%,1.00%,1.00%,1.00%,1.00%,1.00%,1.00%,1.00%,1.00%,1.00%,1.00%,1.00%,1.00%,1.00%,1.00%,1.00%,1.00%,1.00%,1.00%,1.00%,1.00%,1.00%,1.00%,1.00%,1.00%,1.00%,1.00%,1.00%,1.00%,1.00%,1.00%,1.00%,1.00%,1.00%,0.00%,,,,,,,,,,,,,,,,,,,,,,,,,,,,,,,,,,,,,,,,,,,,,,,,,,,,,,,,,,,
S100R20V15C10#4,100,20,15,10,4,78560979.5,78560979.5,366.93,15,15,15,26.35,70934112,6,1.046875,2.00%,2.00%,2.00%,1.00%,1.00%,1.00%,0.00%,,,,,,,,,,,,,,,,,,,,,,,,,,,,,,,,,,,,,,,,,,,,,,,,,,,,,,0.00%,,,,,,,,,,,,,,,,,,,,,,,,,,,,,,,,,,,,,,,,,,,,,,,,,,,,,,,,,,,
S100R20V15C10#5,100,20,15,10,5,610370048,610397160.3,3600,15,15,15,41.76,605613840,15,1.6875,5.00%,4.00%,4.00%,4.00%,3.00%,3.00%,3.00%,3.00%,3.00%,3.00%,2.00%,2.00%,2.00%,2.00%,2.00%,2.00%,2.00%,2.00%,2.00%,2.00%,2.00%,2.00%,2.00%,2.00%,2.00%,2.00%,2.00%,2.00%,2.00%,2.00%,2.00%,2.00%,2.00%,2.00%,2.00%,2.00%,2.00%,2.00%,2.00%,2.00%,2.00%,2.00%,2.00%,2.00%,2.00%,2.00%,2.00%,1.00%,1.00%,1.00%,1.00%,1.00%,1.00%,1.00%,1.00%,1.00%,1.00%,1.00%,0.00%,0.00%,0.00%,,,,,,,,,,,,,,,,,,,,,,,,,,,,,,,,,,,,,,,,,,,,,,,,,,,,,,,,,,,
S100R20V15C15#1,100,20,15,15,1,29765472,29765472.06,742.69,15,15,15,30.86,27799424.06,15,1.390625,57.00%,42.00%,40.00%,38.00%,29.00%,26.00%,20.00%,12.00%,10.00%,9.00%,4.00%,2.00%,0.00%,,,,,,,,,,,,,,,,,,,,,,,,,,,,,,,,,,,,,,,,,,,,,,,,0.00%,,,,,,,,,,,,,,,,,,,,,,,,,,,,,,,,,,,,,,,,,,,,,,,,,,,,,,,,,,,
S100R20V15C15#2,100,20,15,15,2,61241600.07,61241600.07,203.67,15,15,15,6.34,58372096,15,1.46875,76.00%,62.00%,9.00%,0.00%,,,,,,,,,,,,,,,,,,,,,,,,,,,,,,,,,,,,,,,,,,,,,,,,,,,,,,,,,0.00%,,,,,,,,,,,,,,,,,,,,,,,,,,,,,,,,,,,,,,,,,,,,,,,,,,,,,,,,,,,
S100R20V15C15#3,100,20,15,15,3,113372424,113372521,1703.1,15,15,15,46.26,106846240,15,1.484375,41.00%,36.00%,28.00%,26.00%,25.00%,24.00%,23.00%,21.00%,7.00%,6.00%,6.00%,6.00%,0.00%,0.00%,0.00%,0.00%,0.00%,0.00%,0.00%,0.00%,0.00%,0.00%,0.00%,0.00%,0.00%,0.00%,0.00%,0.00%,0.00%,,,,,,,,,,,,,,,,,,,,,,,,,,,,,,,,0.00%,,,,,,,,,,,,,,,,,,,,,,,,,,,,,,,,,,,,,,,,,,,,,,,,,,,,,,,,,,,
S100R20V15C15#4,100,20,15,15,4,159210496,159210496,440.32,15,15,15,6.3,157602944,15,1.5,11.00%,9.00%,6.00%,5.00%,5.00%,5.00%,2.00%,0.00%,,,,,,,,,,,,,,,,,,,,,,,,,,,,,,,,,,,,,,,,,,,,,,,,,,,,,0.00%,,,,,,,,,,,,,,,,,,,,,,,,,,,,,,,,,,,,,,,,,,,,,,,,,,,,,,,,,,,
S100R20V15C15#5,100,20,15,15,5,40799840.01,40802965.33,3600,15,15,15,50.42,33512192,15,1.609375,309.00%,145.00%,115.00%,87.00%,67.00%,42.00%,11.00%,2.00%,1.00%,1.00%,1.00%,1.00%,1.00%,1.00%,1.00%,1.00%,1.00%,1.00%,1.00%,1.00%,1.00%,1.00%,1.00%,1.00%,1.00%,1.00%,1.00%,1.00%,1.00%,1.00%,1.00%,1.00%,1.00%,1.00%,1.00%,1.00%,1.00%,1.00%,1.00%,1.00%,1.00%,1.00%,1.00%,1.00%,1.00%,1.00%,1.00%,1.00%,1.00%,1.00%,1.00%,1.00%,1.00%,1.00%,1.00%,1.00%,1.00%,1.00%,1.00%,1.00%,0.00%,,,,,,,,,,,,,,,,,,,,,,,,,,,,,,,,,,,,,,,,,,,,,,,,,,,,,,,,,,,
S100R20V20C5#1,100,20,20,5,1,14858562.34,14894144.76,3600,13,11,11,61.49,11250960,4,0.90625,80.00%,34.00%,33.00%,32.00%,32.00%,32.00%,32.00%,31.00%,31.00%,31.00%,28.00%,28.00%,28.00%,28.00%,28.00%,28.00%,28.00%,28.00%,28.00%,28.00%,28.00%,27.00%,27.00%,27.00%,27.00%,27.00%,27.00%,27.00%,27.00%,27.00%,26.00%,26.00%,26.00%,26.00%,26.00%,26.00%,26.00%,26.00%,26.00%,26.00%,25.00%,25.00%,25.00%,25.00%,25.00%,25.00%,25.00%,25.00%,25.00%,25.00%,25.00%,24.00%,24.00%,24.00%,24.00%,24.00%,24.00%,24.00%,24.00%,24.00%,16.60%,0.00%,,,,,,,,,,,,,,,,,,,,,,,,,,,,,,,,,,,,,,,,,,,,,,,,,,,,,,,,,,
S100R20V20C5#2,100,20,20,5,2,237707264,237707478.3,1759.62,12,12,11,3600,219358592,5,1.171875,7.00%,4.00%,3.00%,3.00%,3.00%,3.00%,3.00%,3.00%,3.00%,3.00%,3.00%,2.00%,2.00%,2.00%,2.00%,2.00%,1.00%,1.00%,1.00%,1.00%,1.00%,1.00%,1.00%,1.00%,1.00%,0.00%,0.00%,0.00%,0.00%,0.00%,,,,,,,,,,,,,,,,,,,,,,,,,,,,,,,23.50%,8.33%,8.33%,8.33%,8.33%,8.33%,8.33%,8.33%,8.33%,8.33%,8.33%,8.33%,8.33%,8.33%,8.33%,8.33%,8.33%,8.33%,8.33%,8.33%,8.33%,8.33%,8.33%,8.33%,8.33%,8.33%,8.33%,8.33%,8.33%,8.33%,8.33%,8.33%,8.33%,8.33%,8.33%,8.33%,8.33%,8.33%,8.33%,8.33%,8.33%,8.33%,8.33%,8.33%,8.33%,8.33%,8.33%,8.33%,8.33%,8.33%,8.33%,8.33%,8.33%,8.33%,8.33%,8.33%,8.33%,8.33%,8.33%,8.33%
S100R20V20C5#3,100,20,20,5,3,31286016,31286016.9,304.22,12,12,12,9.35,24920656,5,1.265625,16.00%,8.00%,8.00%,7.00%,1.00%,0.00%,,,,,,,,,,,,,,,,,,,,,,,,,,,,,,,,,,,,,,,,,,,,,,,,,,,,,,,0.00%,,,,,,,,,,,,,,,,,,,,,,,,,,,,,,,,,,,,,,,,,,,,,,,,,,,,,,,,,,,
S100R20V20C5#4,100,20,20,5,4,176378148.5,176378321.6,140.17,13,12,12,41.48,165827328,4,1,1.00%,0.00%,0.00%,,,,,,,,,,,,,,,,,,,,,,,,,,,,,,,,,,,,,,,,,,,,,,,,,,,,,,,,,,0.00%,,,,,,,,,,,,,,,,,,,,,,,,,,,,,,,,,,,,,,,,,,,,,,,,,,,,,,,,,,,
S100R20V20C5#5,100,20,20,5,5,77457408,77457408,454.8,14,14,14,21.35,70058432,6,1.390625,11.00%,9.00%,3.00%,2.00%,1.00%,1.00%,1.00%,0.00%,,,,,,,,,,,,,,,,,,,,,,,,,,,,,,,,,,,,,,,,,,,,,,,,,,,,,0.00%,,,,,,,,,,,,,,,,,,,,,,,,,,,,,,,,,,,,,,,,,,,,,,,,,,,,,,,,,,,
S100R20V20C10#1,100,20,20,10,1,697254144,697254336,522.68,20,20,20,530.29,693631764.5,13,2.28125,1.00%,0.00%,0.00%,0.00%,0.00%,0.00%,0.00%,0.00%,0.00%,,,,,,,,,,,,,,,,,,,,,,,,,,,,,,,,,,,,,,,,,,,,,,,,,,,,30.00%,25.80%,23.40%,18.00%,14.50%,12.80%,11.40%,10.00%,0.00%,,,,,,,,,,,,,,,,,,,,,,,,,,,,,,,,,,,,,,,,,,,,,,,,,,,
S100R20V20C10#2,100,20,20,10,2,171633096,171633096,203.81,20,20,18,3600,165827922,14,2.234375,0.00%,0.00%,0.00%,0.00%,,,,,,,,,,,,,,,,,,,,,,,,,,,,,,,,,,,,,,,,,,,,,,,,,,,,,,,,,18.10%,16.50%,16.40%,16.20%,16.10%,16.10%,16.10%,16.10%,16.10%,16.10%,16.10%,16.10%,16.00%,16.00%,16.00%,15.90%,15.80%,15.70%,15.70%,15.60%,15.50%,15.50%,15.50%,15.40%,15.40%,15.30%,15.30%,15.20%,15.20%,15.20%,15.20%,15.20%,15.20%,15.20%,15.20%,15.10%,15.10%,15.10%,15.10%,15.10%,15.10%,15.10%,15.10%,15.10%,15.10%,15.10%,15.10%,15.10%,15.10%,15.10%,15.00%,15.00%,14.90%,14.90%,14.90%,14.90%,14.70%,14.70%,14.60%,14.50%
S100R20V20C10#3,100,20,20,10,3,79917812,79946918.21,3600,19,18,18,260.33,73193432.13,10,2.078125,9.00%,7.00%,5.00%,5.00%,5.00%,5.00%,5.00%,5.00%,5.00%,5.00%,5.00%,5.00%,5.00%,5.00%,5.00%,5.00%,5.00%,5.00%,5.00%,5.00%,5.00%,5.00%,5.00%,5.00%,5.00%,5.00%,5.00%,5.00%,5.00%,5.00%,5.00%,5.00%,5.00%,5.00%,5.00%,5.00%,5.00%,5.00%,5.00%,5.00%,5.00%,5.00%,5.00%,5.00%,5.00%,5.00%,5.00%,5.00%,4.00%,4.00%,4.00%,4.00%,4.00%,4.00%,4.00%,4.00%,4.00%,4.00%,4.00%,4.00%,18.90%,14.60%,13.00%,12.10%,0.00%,,,,,,,,,,,,,,,,,,,,,,,,,,,,,,,,,,,,,,,,,,,,,,,,,,,,,,,
S100R20V20C10#4,100,20,20,10,4,107528952,107540077.2,3600,20,20,20,32.53,105252736,18,2.625,12.00%,5.00%,4.00%,3.00%,3.00%,3.00%,3.00%,3.00%,3.00%,3.00%,3.00%,3.00%,2.00%,2.00%,2.00%,2.00%,2.00%,2.00%,2.00%,2.00%,2.00%,2.00%,2.00%,2.00%,2.00%,2.00%,2.00%,2.00%,2.00%,2.00%,2.00%,2.00%,2.00%,2.00%,2.00%,2.00%,2.00%,2.00%,2.00%,2.00%,2.00%,2.00%,2.00%,2.00%,2.00%,2.00%,2.00%,2.00%,1.00%,1.00%,1.00%,1.00%,1.00%,1.00%,1.00%,1.00%,1.00%,1.00%,1.00%,1.00%,0.00%,,,,,,,,,,,,,,,,,,,,,,,,,,,,,,,,,,,,,,,,,,,,,,,,,,,,,,,,,,,
S100R20V20C10#5,100,20,20,10,5,75070720.31,75078912.6,3600,20,19,18,3600,69508864,12,2.0625,1.00%,1.00%,1.00%,1.00%,1.00%,1.00%,1.00%,1.00%,1.00%,1.00%,1.00%,1.00%,1.00%,1.00%,1.00%,1.00%,1.00%,1.00%,1.00%,1.00%,1.00%,1.00%,1.00%,1.00%,1.00%,1.00%,1.00%,1.00%,1.00%,1.00%,1.00%,1.00%,1.00%,1.00%,1.00%,1.00%,1.00%,1.00%,1.00%,1.00%,1.00%,1.00%,1.00%,1.00%,1.00%,1.00%,1.00%,1.00%,1.00%,1.00%,1.00%,1.00%,1.00%,1.00%,1.00%,1.00%,1.00%,1.00%,1.00%,1.00%,30.70%,18.40%,17.60%,12.80%,11.50%,10.60%,10.00%,9.16%,6.13%,5.26%,5.26%,5.26%,5.26%,5.26%,5.26%,5.26%,5.26%,5.26%,5.26%,5.26%,5.26%,5.26%,5.26%,5.26%,5.26%,5.26%,5.26%,5.26%,5.26%,5.26%,5.26%,5.26%,5.26%,5.26%,5.26%,5.26%,5.26%,5.26%,5.26%,5.26%,5.26%,5.26%,5.26%,5.26%,5.26%,5.26%,5.26%,5.26%,5.26%,5.26%,5.26%,5.26%,5.26%,5.26%,5.26%,5.26%,5.26%,5.26%,5.26%,5.26%
S100R20V20C15#1,100,20,20,15,1,105239556,105353321.7,3600,20,20,20,182.04,98903552,20,2.796875,26.00%,22.00%,22.00%,22.00%,21.00%,21.00%,21.00%,21.00%,21.00%,21.00%,21.00%,21.00%,21.00%,21.00%,21.00%,21.00%,20.00%,17.00%,17.00%,17.00%,16.00%,16.00%,16.00%,16.00%,16.00%,16.00%,16.00%,16.00%,16.00%,16.00%,16.00%,16.00%,16.00%,15.00%,15.00%,15.00%,15.00%,15.00%,15.00%,15.00%,14.00%,14.00%,14.00%,14.00%,14.00%,14.00%,13.00%,13.00%,13.00%,13.00%,12.00%,12.00%,11.00%,11.00%,11.00%,11.00%,11.00%,11.00%,11.00%,,10.20%,10.20%,6.70%,0.00%,,,,,,,,,,,,,,,,,,,,,,,,,,,,,,,,,,,,,,,,,,,,,,,,,,,,,,,,
S100R20V20C15#2,100,20,20,15,2,253584240.5,253640588.1,3600,20,20,20,281.77,249659680,20,2.640625,8.00%,6.00%,4.00%,4.00%,4.00%,4.00%,3.00%,3.00%,3.00%,3.00%,3.00%,3.00%,3.00%,3.00%,3.00%,3.00%,3.00%,3.00%,3.00%,3.00%,3.00%,3.00%,3.00%,3.00%,3.00%,3.00%,3.00%,3.00%,3.00%,3.00%,3.00%,3.00%,3.00%,3.00%,3.00%,3.00%,3.00%,3.00%,3.00%,3.00%,3.00%,3.00%,3.00%,3.00%,3.00%,3.00%,3.00%,3.00%,3.00%,3.00%,3.00%,3.00%,3.00%,3.00%,3.00%,2.00%,2.00%,2.00%,2.00%,2.00%,13.90%,12.10%,10.70%,10.70%,0.00%,,,,,,,,,,,,,,,,,,,,,,,,,,,,,,,,,,,,,,,,,,,,,,,,,,,,,,,
S100R20V20C15#3,100,20,20,15,3,76314544.5,76351593.4,3600,20,20,20,125.94,73873096,20,2.546875,19.00%,17.00%,15.00%,15.00%,14.00%,14.00%,12.00%,12.00%,12.00%,12.00%,12.00%,12.00%,12.00%,12.00%,11.00%,10.00%,10.00%,10.00%,10.00%,10.00%,10.00%,10.00%,10.00%,10.00%,10.00%,10.00%,10.00%,10.00%,10.00%,10.00%,10.00%,10.00%,10.00%,10.00%,10.00%,10.00%,10.00%,10.00%,10.00%,10.00%,10.00%,9.00%,9.00%,9.00%,8.00%,8.00%,8.00%,7.00%,6.00%,6.00%,6.00%,6.00%,5.00%,5.00%,5.00%,5.00%,5.00%,5.00%,5.00%,5.00%,9.07%,8.92%,0.00%,,,,,,,,,,,,,,,,,,,,,,,,,,,,,,,,,,,,,,,,,,,,,,,,,,,,,,,,,
S100R20V20C15#4,100,20,20,15,4,73001892.5,73058435.12,3600,20,20,20,80.01,70124740,20,2.578125,33.00%,13.00%,12.00%,11.00%,10.00%,10.00%,10.00%,10.00%,10.00%,10.00%,9.00%,9.00%,9.00%,9.00%,9.00%,9.00%,9.00%,9.00%,9.00%,9.00%,9.00%,9.00%,8.00%,8.00%,8.00%,8.00%,8.00%,8.00%,8.00%,8.00%,8.00%,8.00%,8.00%,8.00%,8.00%,8.00%,8.00%,8.00%,8.00%,8.00%,8.00%,8.00%,8.00%,8.00%,8.00%,8.00%,8.00%,8.00%,8.00%,8.00%,8.00%,8.00%,8.00%,8.00%,8.00%,8.00%,8.00%,8.00%,8.00%,,11.70%,0.00%,,,,,,,,,,,,,,,,,,,,,,,,,,,,,,,,,,,,,,,,,,,,,,,,,,,,,,,,,,
S100R20V20C15#5,100,20,20,15,5,311615588,311695905.7,3600,20,20,20,436.52,300697552,20,2.65625,9.00%,5.00%,4.00%,4.00%,4.00%,4.00%,4.00%,4.00%,4.00%,4.00%,4.00%,4.00%,4.00%,4.00%,4.00%,4.00%,4.00%,4.00%,4.00%,3.00%,3.00%,3.00%,3.00%,3.00%,3.00%,3.00%,3.00%,3.00%,3.00%,3.00%,3.00%,3.00%,3.00%,3.00%,3.00%,3.00%,3.00%,3.00%,3.00%,3.00%,3.00%,3.00%,3.00%,3.00%,3.00%,3.00%,3.00%,3.00%,3.00%,3.00%,3.00%,3.00%,3.00%,3.00%,3.00%,3.00%,3.00%,3.00%,3.00%,3.00%,10.10%,10.10%,9.79%,9.58%,9.41%,7.98%,6.72%,0.00%,,,,,,,,,,,,,,,,,,,,,,,,,,,,,,,,,,,,,,,,,,,,,,,,,,,,
S100R20V25C5#1,100,20,25,5,1,61160003.02,61160011.23,1920.65,15,15,14,3600,51314372,7,1.953125,42.00%,17.00%,12.00%,9.00%,7.00%,7.00%,7.00%,7.00%,7.00%,7.00%,5.00%,5.00%,5.00%,5.00%,4.00%,4.00%,4.00%,4.00%,4.00%,4.00%,4.00%,4.00%,3.00%,3.00%,3.00%,3.00%,3.00%,2.00%,2.00%,2.00%,1.00%,0.00%,0.00%,,,,,,,,,,,,,,,,,,,,,,,,,,,,22.10%,15.20%,15.20%,15.20%,14.80%,13.90%,13.50%,13.20%,12.80%,12.30%,11.50%,10.70%,9.64%,6.67%,6.67%,6.67%,6.67%,6.67%,6.67%,6.67%,6.67%,6.67%,6.67%,6.67%,6.67%,6.67%,6.67%,6.67%,6.67%,6.67%,6.67%,6.67%,6.67%,6.67%,6.67%,6.67%,6.67%,6.67%,6.67%,6.67%,6.67%,6.67%,6.67%,6.67%,6.67%,6.67%,6.67%,6.67%,6.67%,6.67%,6.67%,6.67%,6.67%,6.67%,6.67%,6.67%,6.67%,6.67%,6.67%,6.67%
S100R20V25C5#2,100,20,25,5,2,738038304,738038304,11.19,13,11,11,27.99,721730560,6,1.984375,0.00%,,,,,,,,,,,,,,,,,,,,,,,,,,,,,,,,,,,,,,,,,,,,,,,,,,,,,,,,,,,,0.00%,,,,,,,,,,,,,,,,,,,,,,,,,,,,,,,,,,,,,,,,,,,,,,,,,,,,,,,,,,,
S100R20V25C5#3,100,20,25,5,3,1258893312,1258893312,94.38,13,10,10,202.34,1227804672,6,2.015625,1.00%,0.00%,,,,,,,,,,,,,,,,,,,,,,,,,,,,,,,,,,,,,,,,,,,,,,,,,,,,,,,,,,,27.20%,15.90%,15.20%,0.00%,,,,,,,,,,,,,,,,,,,,,,,,,,,,,,,,,,,,,,,,,,,,,,,,,,,,,,,,
S100R20V25C5#4,100,20,25,5,4,179862532.3,179862692.7,353.63,15,13,13,251.33,157251280,5,1.734375,1.00%,0.00%,0.00%,0.00%,0.00%,0.00%,,,,,,,,,,,,,,,,,,,,,,,,,,,,,,,,,,,,,,,,,,,,,,,,,,,,,,,23.50%,15.40%,15.40%,15.40%,0.00%,,,,,,,,,,,,,,,,,,,,,,,,,,,,,,,,,,,,,,,,,,,,,,,,,,,,,,,
S100R20V25C5#5,100,20,25,5,5,29136512,29136512,968.12,14,14,14,79.62,23579201,5,1.8125,19.00%,19.00%,19.00%,19.00%,19.00%,19.00%,19.00%,19.00%,19.00%,19.00%,19.00%,19.00%,19.00%,18.00%,3.00%,2.00%,0.00%,,,,,,,,,,,,,,,,,,,,,,,,,,,,,,,,,,,,,,,,,,,,13.30%,0.00%,,,,,,,,,,,,,,,,,,,,,,,,,,,,,,,,,,,,,,,,,,,,,,,,,,,,,,,,,,
S100R20V25C10#1,100,20,25,10,1,410700816.1,410774683.8,3600,25,25,24,3600,401531632,25,4.015625,3.00%,2.00%,2.00%,2.00%,2.00%,2.00%,2.00%,2.00%,2.00%,2.00%,2.00%,2.00%,2.00%,2.00%,2.00%,2.00%,2.00%,2.00%,2.00%,2.00%,2.00%,2.00%,2.00%,2.00%,2.00%,2.00%,2.00%,2.00%,2.00%,2.00%,2.00%,2.00%,2.00%,2.00%,2.00%,2.00%,2.00%,2.00%,2.00%,2.00%,2.00%,2.00%,2.00%,2.00%,2.00%,2.00%,2.00%,2.00%,2.00%,2.00%,2.00%,2.00%,2.00%,2.00%,2.00%,2.00%,2.00%,2.00%,2.00%,2.00%,7.93%,7.93%,7.93%,7.46%,7.46%,7.46%,7.45%,7.45%,7.45%,7.37%,7.35%,7.18%,7.08%,7.07%,7.04%,7.01%,6.99%,6.99%,6.96%,6.96%,6.96%,6.94%,6.94%,6.92%,6.91%,6.90%,6.88%,6.87%,6.86%,6.84%,6.84%,6.82%,6.81%,6.81%,6.79%,6.79%,6.78%,6.77%,6.76%,6.75%,6.74%,6.74%,6.73%,6.73%,6.72%,6.72%,6.72%,6.71%,6.70%,6.70%,6.69%,6.69%,6.68%,6.68%,6.68%,6.68%,6.67%,6.67%,6.66%,6.65%
S100R20V25C10#2,100,20,25,10,2,1116782622,1116795368,3600,21,18,16,3600,1022867042,11,2.90625,0.00%,0.00%,0.00%,0.00%,0.00%,0.00%,0.00%,0.00%,0.00%,0.00%,0.00%,0.00%,0.00%,0.00%,0.00%,0.00%,0.00%,0.00%,0.00%,0.00%,0.00%,0.00%,0.00%,0.00%,0.00%,0.00%,0.00%,0.00%,0.00%,0.00%,0.00%,0.00%,0.00%,0.00%,0.00%,0.00%,0.00%,0.00%,0.00%,0.00%,0.00%,0.00%,0.00%,0.00%,0.00%,0.00%,0.00%,0.00%,0.00%,0.00%,0.00%,0.00%,0.00%,0.00%,0.00%,0.00%,0.00%,0.00%,0.00%,0.00%,20.50%,13.10%,13.10%,13.10%,13.10%,13.10%,13.10%,13.10%,13.10%,13.10%,13.10%,13.10%,13.10%,13.10%,13.10%,13.10%,13.10%,13.10%,13.10%,13.10%,13.10%,13.10%,13.10%,13.10%,13.10%,13.10%,13.10%,13.10%,13.10%,13.10%,13.10%,13.10%,13.10%,13.10%,13.10%,13.10%,13.10%,13.10%,13.10%,13.10%,13.10%,13.10%,13.10%,13.10%,13.10%,13.10%,13.10%,13.10%,13.10%,13.10%,13.10%,13.10%,13.10%,13.10%,13.10%,13.10%,13.10%,13.10%,13.10%,13.10%
S100R20V25C10#3,100,20,25,10,3,23338780.5,23339551.74,3600,25,25,23,3600,21849218,18,3.515625,8.00%,8.00%,6.00%,6.00%,3.00%,3.00%,2.00%,2.00%,2.00%,2.00%,2.00%,2.00%,2.00%,2.00%,2.00%,1.00%,1.00%,1.00%,1.00%,1.00%,1.00%,1.00%,1.00%,1.00%,1.00%,1.00%,1.00%,1.00%,1.00%,1.00%,1.00%,1.00%,1.00%,1.00%,1.00%,1.00%,1.00%,1.00%,1.00%,1.00%,1.00%,1.00%,1.00%,1.00%,1.00%,1.00%,1.00%,1.00%,1.00%,1.00%,0.00%,0.00%,0.00%,0.00%,0.00%,0.00%,0.00%,0.00%,0.00%,0.00%,18.50%,17.10%,17.00%,17.00%,15.50%,14.60%,13.90%,13.70%,13.60%,13.40%,13.10%,13.00%,12.90%,12.70%,12.60%,12.50%,12.40%,12.40%,12.30%,12.20%,12.20%,12.10%,12.10%,12.00%,11.90%,11.90%,11.80%,11.80%,11.70%,11.70%,11.70%,11.60%,11.60%,11.50%,11.50%,11.40%,11.40%,11.40%,11.30%,11.30%,11.30%,11.30%,11.20%,11.20%,11.20%,11.10%,11.10%,11.10%,11.10%,11.00%,11.00%,11.00%,10.90%,10.90%,10.80%,10.80%,10.80%,10.70%,10.70%,10.70%
S100R20V25C10#4,100,20,25,10,4,196022289.8,196083095.7,3600,20,19,19,3297.25,171123759.3,11,2.84375,5.00%,5.00%,4.00%,4.00%,4.00%,3.00%,3.00%,3.00%,3.00%,3.00%,3.00%,3.00%,3.00%,3.00%,3.00%,3.00%,3.00%,3.00%,3.00%,3.00%,3.00%,3.00%,3.00%,3.00%,3.00%,3.00%,3.00%,3.00%,3.00%,3.00%,3.00%,3.00%,3.00%,3.00%,3.00%,3.00%,3.00%,3.00%,3.00%,3.00%,3.00%,3.00%,3.00%,3.00%,3.00%,3.00%,3.00%,3.00%,3.00%,3.00%,3.00%,3.00%,3.00%,3.00%,3.00%,3.00%,3.00%,3.00%,3.00%,3.00%,27.40%,25.70%,24.30%,22.80%,20.70%,20.10%,19.60%,19.20%,18.60%,18.00%,17.80%,17.40%,17.10%,16.80%,16.60%,16.30%,16.00%,15.70%,15.50%,15.30%,15.00%,14.90%,14.70%,14.50%,14.30%,14.10%,13.90%,13.80%,13.60%,13.50%,13.40%,13.40%,13.20%,13.20%,13.00%,13.00%,12.90%,12.80%,12.70%,12.60%,12.60%,12.50%,12.50%,12.40%,12.30%,12.30%,12.20%,7.39%,7.33%,7.31%,7.19%,6.90%,6.56%,6.17%,0.00%,,,,,
S100R20V25C10#5,100,20,25,10,5,39468034.25,39468048.31,3011.47,19,19,17,3600,33934717.78,11,2.875,33.00%,8.00%,7.00%,7.00%,6.00%,5.00%,5.00%,5.00%,5.00%,5.00%,5.00%,5.00%,5.00%,5.00%,5.00%,5.00%,5.00%,5.00%,5.00%,5.00%,4.00%,3.00%,3.00%,3.00%,3.00%,2.00%,2.00%,2.00%,2.00%,2.00%,2.00%,2.00%,2.00%,1.00%,1.00%,1.00%,1.00%,1.00%,1.00%,1.00%,1.00%,1.00%,1.00%,1.00%,1.00%,1.00%,0.00%,0.00%,0.00%,0.00%,0.00%,,,,,,,,,,21.60%,20.90%,16.70%,15.40%,15.30%,15.00%,14.80%,14.70%,14.50%,14.50%,14.40%,14.30%,14.10%,14.00%,14.00%,14.00%,13.90%,13.90%,13.80%,13.70%,13.70%,13.60%,13.50%,13.30%,13.00%,12.80%,12.50%,12.30%,12.10%,12.00%,11.90%,11.80%,11.60%,11.60%,11.50%,11.40%,11.40%,11.40%,11.30%,11.30%,11.30%,11.30%,11.20%,11.20%,11.20%,11.10%,11.10%,11.10%,11.10%,11.00%,11.00%,11.00%,11.00%,10.90%,10.90%,10.90%,10.90%,10.90%,10.90%,10.80%
S100R20V25C15#1,100,20,25,15,1,43938720.03,43950143.23,3600,25,25,25,3111.33,40379666,21,3.609375,5.00%,5.00%,4.00%,4.00%,4.00%,4.00%,4.00%,4.00%,4.00%,4.00%,3.00%,3.00%,3.00%,3.00%,3.00%,3.00%,3.00%,3.00%,3.00%,3.00%,3.00%,3.00%,3.00%,3.00%,3.00%,3.00%,3.00%,3.00%,3.00%,3.00%,3.00%,3.00%,3.00%,3.00%,3.00%,3.00%,3.00%,3.00%,3.00%,3.00%,3.00%,3.00%,3.00%,3.00%,3.00%,3.00%,3.00%,3.00%,3.00%,3.00%,3.00%,3.00%,3.00%,3.00%,3.00%,3.00%,3.00%,3.00%,,,14.20%,14.10%,14.00%,13.90%,12.40%,12.40%,12.40%,12.40%,11.90%,11.70%,11.20%,10.60%,10.50%,10.00%,9.55%,9.14%,8.98%,8.82%,8.75%,8.53%,8.41%,8.29%,8.15%,8.00%,7.80%,7.73%,7.72%,7.59%,7.42%,7.24%,7.08%,7.03%,6.99%,6.83%,6.76%,6.68%,6.62%,6.55%,6.51%,6.40%,6.29%,6.20%,6.08%,5.97%,5.89%,5.82%,5.69%,5.55%,5.29%,5.16%,4.96%,0.00%,,,,,,,,
S100R20V25C15#2,100,20,25,15,2,189295957,189309333.6,3600,25,25,20,3600,182242724,19,3.640625,3.00%,2.00%,2.00%,2.00%,2.00%,2.00%,2.00%,1.00%,1.00%,1.00%,1.00%,1.00%,1.00%,1.00%,1.00%,1.00%,1.00%,1.00%,1.00%,1.00%,1.00%,1.00%,1.00%,1.00%,1.00%,1.00%,1.00%,1.00%,1.00%,1.00%,1.00%,1.00%,1.00%,1.00%,1.00%,1.00%,1.00%,1.00%,1.00%,1.00%,1.00%,1.00%,1.00%,1.00%,1.00%,1.00%,1.00%,1.00%,1.00%,1.00%,1.00%,1.00%,1.00%,1.00%,1.00%,1.00%,1.00%,1.00%,1.00%,1.00%,27.20%,27.10%,27.10%,26.80%,26.70%,26.60%,26.50%,26.30%,25.70%,25.30%,25.30%,25.30%,25.30%,25.30%,25.30%,25.30%,25.20%,25.20%,25.00%,25.00%,25.00%,25.00%,25.00%,24.90%,24.80%,24.80%,24.80%,24.80%,24.80%,24.80%,24.80%,24.80%,24.80%,24.70%,24.70%,24.60%,24.60%,24.60%,24.60%,24.60%,24.60%,24.60%,24.60%,24.60%,24.30%,23.30%,22.90%,22.60%,22.40%,22.30%,22.10%,21.90%,21.60%,21.40%,21.30%,21.10%,21.10%,21.10%,20.90%,20.80%
S100R20V25C15#3,100,20,25,15,3,29019208.06,29039654.44,3600,25,25,25,2318.48,27821760,22,4.28125,20.00%,13.00%,12.00%,11.00%,10.00%,10.00%,9.00%,8.00%,8.00%,8.00%,8.00%,8.00%,8.00%,8.00%,8.00%,8.00%,8.00%,8.00%,8.00%,8.00%,8.00%,7.00%,7.00%,7.00%,7.00%,7.00%,7.00%,7.00%,7.00%,7.00%,7.00%,7.00%,7.00%,7.00%,7.00%,7.00%,7.00%,7.00%,7.00%,7.00%,7.00%,7.00%,7.00%,7.00%,7.00%,7.00%,7.00%,7.00%,7.00%,7.00%,7.00%,7.00%,7.00%,7.00%,7.00%,7.00%,7.00%,7.00%,7.00%,7.00%,9.73%,8.99%,8.99%,8.86%,7.94%,7.72%,7.72%,7.72%,7.62%,7.49%,7.28%,7.20%,6.92%,6.74%,6.57%,6.47%,6.41%,6.36%,6.30%,6.18%,6.08%,6.00%,5.90%,5.83%,5.76%,5.67%,5.58%,5.54%,5.48%,5.35%,5.30%,5.25%,5.16%,5.13%,4.99%,4.90%,4.71%,4.44%,0.00%,,,,,,,,,,,,,,,,,,,,,
S100R20V25C15#4,100,20,25,15,4,112581730,112675024.8,3600,25,25,25,1548.56,106170624,17,3.5625,11.00%,11.00%,10.00%,10.00%,10.00%,10.00%,10.00%,9.00%,9.00%,9.00%,9.00%,9.00%,9.00%,9.00%,9.00%,9.00%,9.00%,9.00%,9.00%,9.00%,9.00%,9.00%,9.00%,9.00%,9.00%,9.00%,9.00%,9.00%,9.00%,9.00%,9.00%,9.00%,9.00%,9.00%,9.00%,9.00%,9.00%,9.00%,9.00%,9.00%,9.00%,9.00%,9.00%,9.00%,9.00%,9.00%,9.00%,9.00%,9.00%,9.00%,9.00%,9.00%,9.00%,9.00%,9.00%,9.00%,9.00%,8.00%,8.00%,,10.30%,10.30%,10.30%,8.53%,8.25%,8.25%,8.25%,7.82%,7.60%,7.55%,7.10%,6.97%,6.39%,6.29%,6.11%,5.88%,5.82%,5.68%,5.57%,5.47%,5.37%,5.33%,5.17%,5.00%,4.74%,0.00%,,,,,,,,,,,,,,,,,,,,,,,,,,,,,,,,,,
S100R20V25C15#5,100,20,25,15,5,38732876.51,38742607.67,3600,24,22,19,3600,35986715.81,16,3.40625,7.00%,7.00%,6.00%,6.00%,5.00%,5.00%,5.00%,5.00%,5.00%,5.00%,5.00%,5.00%,5.00%,5.00%,5.00%,5.00%,5.00%,5.00%,5.00%,5.00%,5.00%,5.00%,5.00%,5.00%,5.00%,5.00%,5.00%,5.00%,5.00%,5.00%,5.00%,5.00%,5.00%,5.00%,5.00%,5.00%,5.00%,5.00%,5.00%,5.00%,5.00%,5.00%,5.00%,5.00%,5.00%,5.00%,5.00%,5.00%,5.00%,4.00%,3.00%,3.00%,3.00%,3.00%,3.00%,3.00%,3.00%,3.00%,3.00%,3.00%,28.10%,28.10%,28.10%,27.50%,25.40%,20.00%,19.40%,18.50%,18.10%,18.00%,17.80%,17.80%,17.60%,17.40%,17.30%,17.20%,17.10%,17.10%,16.90%,16.80%,16.70%,16.70%,16.50%,16.50%,16.40%,16.30%,16.30%,16.20%,16.10%,16.00%,16.00%,16.00%,16.00%,15.90%,15.80%,15.80%,15.80%,15.80%,15.70%,15.70%,15.70%,15.60%,15.60%,15.50%,15.50%,15.40%,15.40%,15.30%,15.30%,15.30%,15.20%,15.20%,15.20%,15.20%,15.10%,15.10%,15.00%,15.00%,15.00%,14.90%
S200R10V5C5#1,200,10,5,5,1,211976192,211976192,4.01,5,5,5,0.4,210370560,5,0.125,0.00%,,,,,,,,,,,,,,,,,,,,,,,,,,,,,,,,,,,,,,,,,,,,,,,,,,,,,,,,,,,,0.00%,,,,,,,,,,,,,,,,,,,,,,,,,,,,,,,,,,,,,,,,,,,,,,,,,,,,,,,,,,,
S200R10V5C5#2,200,10,5,5,2,114163840,114163840,6.21,5,5,5,1.44,107809792,5,0.109375,0.00%,,,,,,,,,,,,,,,,,,,,,,,,,,,,,,,,,,,,,,,,,,,,,,,,,,,,,,,,,,,,0.00%,,,,,,,,,,,,,,,,,,,,,,,,,,,,,,,,,,,,,,,,,,,,,,,,,,,,,,,,,,,
S200R10V5C5#3,200,10,5,5,3,24727552,24727552,2.15,5,5,5,0.51,24236032,5,0.09375,0.00%,,,,,,,,,,,,,,,,,,,,,,,,,,,,,,,,,,,,,,,,,,,,,,,,,,,,,,,,,,,,0.00%,,,,,,,,,,,,,,,,,,,,,,,,,,,,,,,,,,,,,,,,,,,,,,,,,,,,,,,,,,,
S200R10V5C5#4,200,10,5,5,4,57131008,57131008,3.45,5,5,5,0.91,56414208,5,0.109375,0.00%,,,,,,,,,,,,,,,,,,,,,,,,,,,,,,,,,,,,,,,,,,,,,,,,,,,,,,,,,,,,0.00%,,,,,,,,,,,,,,,,,,,,,,,,,,,,,,,,,,,,,,,,,,,,,,,,,,,,,,,,,,,
S200R10V5C5#5,200,10,5,5,5,82477056.03,82477056.03,4.87,5,5,5,0.42,82051072,5,0.125,0.00%,,,,,,,,,,,,,,,,,,,,,,,,,,,,,,,,,,,,,,,,,,,,,,,,,,,,,,,,,,,,0.00%,,,,,,,,,,,,,,,,,,,,,,,,,,,,,,,,,,,,,,,,,,,,,,,,,,,,,,,,,,,
S200R10V5C10#1,200,10,5,10,1,61554688,61554688,8.03,5,5,5,0.59,54328064,5,0.109375,0.00%,,,,,,,,,,,,,,,,,,,,,,,,,,,,,,,,,,,,,,,,,,,,,,,,,,,,,,,,,,,,0.00%,,,,,,,,,,,,,,,,,,,,,,,,,,,,,,,,,,,,,,,,,,,,,,,,,,,,,,,,,,,
S200R10V5C10#2,200,10,5,10,2,228098048,228098048,6.35,5,5,5,0.43,227647488,5,0.09375,0.00%,,,,,,,,,,,,,,,,,,,,,,,,,,,,,,,,,,,,,,,,,,,,,,,,,,,,,,,,,,,,0.00%,,,,,,,,,,,,,,,,,,,,,,,,,,,,,,,,,,,,,,,,,,,,,,,,,,,,,,,,,,,
S200R10V5C10#3,200,10,5,10,3,80084992,80084992,1.23,5,5,5,0.38,78708736,5,0.09375,0.00%,,,,,,,,,,,,,,,,,,,,,,,,,,,,,,,,,,,,,,,,,,,,,,,,,,,,,,,,,,,,0.00%,,,,,,,,,,,,,,,,,,,,,,,,,,,,,,,,,,,,,,,,,,,,,,,,,,,,,,,,,,,
S200R10V5C10#4,200,10,5,10,4,15220736,15220736,2.36,5,5,5,0.47,14950400,5,0.078125,0.00%,,,,,,,,,,,,,,,,,,,,,,,,,,,,,,,,,,,,,,,,,,,,,,,,,,,,,,,,,,,,0.00%,,,,,,,,,,,,,,,,,,,,,,,,,,,,,,,,,,,,,,,,,,,,,,,,,,,,,,,,,,,
S200R10V5C10#5,200,10,5,10,5,65011712,65011712,5.19,5,5,5,0.69,62605312,5,0.125,0.00%,,,,,,,,,,,,,,,,,,,,,,,,,,,,,,,,,,,,,,,,,,,,,,,,,,,,,,,,,,,,0.00%,,,,,,,,,,,,,,,,,,,,,,,,,,,,,,,,,,,,,,,,,,,,,,,,,,,,,,,,,,,
S200R10V5C15#1,200,10,5,15,1,73711616,73711616,2.93,5,5,5,0.91,72335360,5,0.109375,0.00%,,,,,,,,,,,,,,,,,,,,,,,,,,,,,,,,,,,,,,,,,,,,,,,,,,,,,,,,,,,,0.00%,,,,,,,,,,,,,,,,,,,,,,,,,,,,,,,,,,,,,,,,,,,,,,,,,,,,,,,,,,,
S200R10V5C15#2,200,10,5,15,2,219365376,219365376,3.44,5,5,5,0.55,217907200,5,0.140625,0.00%,,,,,,,,,,,,,,,,,,,,,,,,,,,,,,,,,,,,,,,,,,,,,,,,,,,,,,,,,,,,0.00%,,,,,,,,,,,,,,,,,,,,,,,,,,,,,,,,,,,,,,,,,,,,,,,,,,,,,,,,,,,
S200R10V5C15#3,200,10,5,15,3,33259520,33259520,3.22,5,5,5,1.35,31149088,5,0.140625,0.00%,,,,,,,,,,,,,,,,,,,,,,,,,,,,,,,,,,,,,,,,,,,,,,,,,,,,,,,,,,,,0.00%,,,,,,,,,,,,,,,,,,,,,,,,,,,,,,,,,,,,,,,,,,,,,,,,,,,,,,,,,,,
S200R10V5C15#4,200,10,5,15,4,12550144.03,12550144.03,3.97,5,5,5,0.29,12050432,5,0.125,0.00%,,,,,,,,,,,,,,,,,,,,,,,,,,,,,,,,,,,,,,,,,,,,,,,,,,,,,,,,,,,,0.00%,,,,,,,,,,,,,,,,,,,,,,,,,,,,,,,,,,,,,,,,,,,,,,,,,,,,,,,,,,,
S200R10V5C15#5,200,10,5,15,5,219217920,219217920,4.69,5,5,5,0.45,218546176,5,0.109375,0.00%,,,,,,,,,,,,,,,,,,,,,,,,,,,,,,,,,,,,,,,,,,,,,,,,,,,,,,,,,,,,0.00%,,,,,,,,,,,,,,,,,,,,,,,,,,,,,,,,,,,,,,,,,,,,,,,,,,,,,,,,,,,
S200R10V10C5#1,200,10,10,5,1,3223616,3223616,152.17,10,10,10,7.65,2702952,8,0.328125,61.00%,29.00%,0.00%,,,,,,,,,,,,,,,,,,,,,,,,,,,,,,,,,,,,,,,,,,,,,,,,,,,,,,,,,,0.00%,,,,,,,,,,,,,,,,,,,,,,,,,,,,,,,,,,,,,,,,,,,,,,,,,,,,,,,,,,,
S200R10V10C5#2,200,10,10,5,2,26827776,26827776,31.84,10,10,10,0.62,26201248,10,0.34375,0.00%,,,,,,,,,,,,,,,,,,,,,,,,,,,,,,,,,,,,,,,,,,,,,,,,,,,,,,,,,,,,0.00%,,,,,,,,,,,,,,,,,,,,,,,,,,,,,,,,,,,,,,,,,,,,,,,,,,,,,,,,,,,
S200R10V10C5#3,200,10,10,5,3,64476032,64476032,168.64,10,10,10,15.99,57144384,6,0.34375,8.00%,5.00%,0.00%,,,,,,,,,,,,,,,,,,,,,,,,,,,,,,,,,,,,,,,,,,,,,,,,,,,,,,,,,,0.00%,,,,,,,,,,,,,,,,,,,,,,,,,,,,,,,,,,,,,,,,,,,,,,,,,,,,,,,,,,,
S200R10V10C5#4,200,10,10,5,4,293552128,293552128,151.89,9,9,9,29,249913344,4,0.28125,4.00%,3.00%,0.00%,,,,,,,,,,,,,,,,,,,,,,,,,,,,,,,,,,,,,,,,,,,,,,,,,,,,,,,,,,0.00%,,,,,,,,,,,,,,,,,,,,,,,,,,,,,,,,,,,,,,,,,,,,,,,,,,,,,,,,,,,
S200R10V10C5#5,200,10,10,5,5,76236817,76236817,195.87,10,10,10,10.89,73416896.06,6,0.34375,5.00%,4.00%,3.00%,0.00%,,,,,,,,,,,,,,,,,,,,,,,,,,,,,,,,,,,,,,,,,,,,,,,,,,,,,,,,,0.00%,,,,,,,,,,,,,,,,,,,,,,,,,,,,,,,,,,,,,,,,,,,,,,,,,,,,,,,,,,,
S200R10V10C10#1,200,10,10,10,1,52289792.01,52289792.01,85.02,10,10,10,0.6,51925120,10,0.34375,5.00%,0.00%,,,,,,,,,,,,,,,,,,,,,,,,,,,,,,,,,,,,,,,,,,,,,,,,,,,,,,,,,,,0.00%,,,,,,,,,,,,,,,,,,,,,,,,,,,,,,,,,,,,,,,,,,,,,,,,,,,,,,,,,,,
S200R10V10C10#2,200,10,10,10,2,72945664,72945664,20.68,10,10,10,0.63,71154688,10,0.4375,0.00%,,,,,,,,,,,,,,,,,,,,,,,,,,,,,,,,,,,,,,,,,,,,,,,,,,,,,,,,,,,,0.00%,,,,,,,,,,,,,,,,,,,,,,,,,,,,,,,,,,,,,,,,,,,,,,,,,,,,,,,,,,,
S200R10V10C10#3,200,10,10,10,3,25058496,25058496,39.3,10,10,10,6,24766984,10,0.328125,0.00%,,,,,,,,,,,,,,,,,,,,,,,,,,,,,,,,,,,,,,,,,,,,,,,,,,,,,,,,,,,,0.00%,,,,,,,,,,,,,,,,,,,,,,,,,,,,,,,,,,,,,,,,,,,,,,,,,,,,,,,,,,,
S200R10V10C10#4,200,10,10,10,4,63449088,63449088,100.85,10,10,10,14.3,62867456,10,0.46875,66.00%,0.00%,,,,,,,,,,,,,,,,,,,,,,,,,,,,,,,,,,,,,,,,,,,,,,,,,,,,,,,,,,,0.00%,,,,,,,,,,,,,,,,,,,,,,,,,,,,,,,,,,,,,,,,,,,,,,,,,,,,,,,,,,,
S200R10V10C10#5,200,10,10,10,5,75602176,75603626.67,3600,10,10,10,1.58,75302912,10,0.328125,0.00%,0.00%,0.00%,0.00%,0.00%,0.00%,0.00%,0.00%,0.00%,0.00%,0.00%,0.00%,0.00%,0.00%,0.00%,0.00%,0.00%,0.00%,0.00%,0.00%,0.00%,0.00%,0.00%,0.00%,0.00%,0.00%,0.00%,0.00%,0.00%,0.00%,0.00%,0.00%,0.00%,0.00%,0.00%,0.00%,0.00%,0.00%,0.00%,0.00%,0.00%,0.00%,0.00%,0.00%,0.00%,0.00%,0.00%,0.00%,0.00%,0.00%,0.00%,0.00%,0.00%,0.00%,0.00%,0.00%,0.00%,0.00%,0.00%,0.00%,0.00%,,,,,,,,,,,,,,,,,,,,,,,,,,,,,,,,,,,,,,,,,,,,,,,,,,,,,,,,,,,
S200R10V10C15#1,200,10,10,15,1,34252800,34252800,712,10,10,10,10.02,33131520,10,0.359375,0.00%,0.00%,0.00%,0.00%,0.00%,0.00%,0.00%,0.00%,0.00%,0.00%,0.00%,0.00%,,,,,,,,,,,,,,,,,,,,,,,,,,,,,,,,,,,,,,,,,,,,,,,,,0.00%,,,,,,,,,,,,,,,,,,,,,,,,,,,,,,,,,,,,,,,,,,,,,,,,,,,,,,,,,,,
S200R10V10C15#2,200,10,10,15,2,35342336,35342336,104.66,10,10,10,1.51,34747648,10,0.375,1.00%,0.00%,,,,,,,,,,,,,,,,,,,,,,,,,,,,,,,,,,,,,,,,,,,,,,,,,,,,,,,,,,,0.00%,,,,,,,,,,,,,,,,,,,,,,,,,,,,,,,,,,,,,,,,,,,,,,,,,,,,,,,,,,,
S200R10V10C15#3,200,10,10,15,3,115105792,115105792,16.4,10,10,10,0.53,114712576,10,0.359375,0.00%,,,,,,,,,,,,,,,,,,,,,,,,,,,,,,,,,,,,,,,,,,,,,,,,,,,,,,,,,,,,0.00%,,,,,,,,,,,,,,,,,,,,,,,,,,,,,,,,,,,,,,,,,,,,,,,,,,,,,,,,,,,
S200R10V10C15#4,200,10,10,15,4,94159360,94159360,60.47,10,10,10,1.96,92721152,10,0.328125,2.00%,0.00%,,,,,,,,,,,,,,,,,,,,,,,,,,,,,,,,,,,,,,,,,,,,,,,,,,,,,,,,,,,0.00%,,,,,,,,,,,,,,,,,,,,,,,,,,,,,,,,,,,,,,,,,,,,,,,,,,,,,,,,,,,
S200R10V10C15#5,200,10,10,15,5,8681472,8681472,26.33,10,10,10,0.71,8562688,10,0.265625,0.00%,,,,,,,,,,,,,,,,,,,,,,,,,,,,,,,,,,,,,,,,,,,,,,,,,,,,,,,,,,,,0.00%,,,,,,,,,,,,,,,,,,,,,,,,,,,,,,,,,,,,,,,,,,,,,,,,,,,,,,,,,,,
S200R10V15C5#1,200,10,15,5,1,43993108.01,43993108.01,147.3,10,10,10,115.91,33136384,5,0.484375,5.00%,2.00%,0.00%,,,,,,,,,,,,,,,,,,,,,,,,,,,,,,,,,,,,,,,,,,,,,,,,,,,,,,,,,,10.00%,0.00%,,,,,,,,,,,,,,,,,,,,,,,,,,,,,,,,,,,,,,,,,,,,,,,,,,,,,,,,,,
S200R10V15C5#2,200,10,15,5,2,32623641.25,32623641.25,28.18,12,12,12,18.73,30259200,7,0.65625,0.00%,,,,,,,,,,,,,,,,,,,,,,,,,,,,,,,,,,,,,,,,,,,,,,,,,,,,,,,,,,,,0.00%,,,,,,,,,,,,,,,,,,,,,,,,,,,,,,,,,,,,,,,,,,,,,,,,,,,,,,,,,,,
S200R10V15C5#3,200,10,15,5,3,42480834.13,42480866.79,219.25,13,12,12,57.53,40898356,6,0.484375,8.00%,1.00%,0.00%,0.00%,,,,,,,,,,,,,,,,,,,,,,,,,,,,,,,,,,,,,,,,,,,,,,,,,,,,,,,,,0.00%,,,,,,,,,,,,,,,,,,,,,,,,,,,,,,,,,,,,,,,,,,,,,,,,,,,,,,,,,,,
S200R10V15C5#4,200,10,15,5,4,30806080.5,30806080.5,10.74,12,12,12,32.53,28783136,6,0.59375,0.00%,,,,,,,,,,,,,,,,,,,,,,,,,,,,,,,,,,,,,,,,,,,,,,,,,,,,,,,,,,,,0.00%,,,,,,,,,,,,,,,,,,,,,,,,,,,,,,,,,,,,,,,,,,,,,,,,,,,,,,,,,,,
S200R10V15C5#5,200,10,15,5,5,53285505.13,53285505.13,6.36,11,9,9,6.07,48481856,5,0.546875,0.00%,,,,,,,,,,,,,,,,,,,,,,,,,,,,,,,,,,,,,,,,,,,,,,,,,,,,,,,,,,,,0.00%,,,,,,,,,,,,,,,,,,,,,,,,,,,,,,,,,,,,,,,,,,,,,,,,,,,,,,,,,,,
S200R10V15C10#1,200,10,15,10,1,45656000,45656008.15,1718.15,15,15,15,27.51,38877920,12,0.75,6.00%,5.00%,4.00%,3.00%,3.00%,3.00%,3.00%,3.00%,3.00%,3.00%,2.00%,2.00%,2.00%,2.00%,1.00%,1.00%,1.00%,1.00%,1.00%,1.00%,1.00%,1.00%,1.00%,1.00%,0.00%,0.00%,0.00%,0.00%,0.00%,,,,,,,,,,,,,,,,,,,,,,,,,,,,,,,,0.00%,,,,,,,,,,,,,,,,,,,,,,,,,,,,,,,,,,,,,,,,,,,,,,,,,,,,,,,,,,,
S200R10V15C10#2,200,10,15,10,2,113265288.1,113265367,94.26,15,15,15,4.56,111642369,15,0.71875,1.00%,0.00%,,,,,,,,,,,,,,,,,,,,,,,,,,,,,,,,,,,,,,,,,,,,,,,,,,,,,,,,,,,0.00%,,,,,,,,,,,,,,,,,,,,,,,,,,,,,,,,,,,,,,,,,,,,,,,,,,,,,,,,,,,
S200R10V15C10#3,200,10,15,10,3,27183488,27183488,239.66,15,15,15,22.82,26582132,14,0.859375,2.00%,2.00%,1.00%,0.00%,,,,,,,,,,,,,,,,,,,,,,,,,,,,,,,,,,,,,,,,,,,,,,,,,,,,,,,,,0.00%,,,,,,,,,,,,,,,,,,,,,,,,,,,,,,,,,,,,,,,,,,,,,,,,,,,,,,,,,,,
S200R10V15C10#4,200,10,15,10,4,123324680.3,123324680.3,165.51,15,15,15,2.56,119860360,15,0.703125,2.00%,1.00%,0.00%,,,,,,,,,,,,,,,,,,,,,,,,,,,,,,,,,,,,,,,,,,,,,,,,,,,,,,,,,,0.00%,,,,,,,,,,,,,,,,,,,,,,,,,,,,,,,,,,,,,,,,,,,,,,,,,,,,,,,,,,,
S200R10V15C10#5,200,10,15,10,5,35726640,35726667.63,92.81,15,15,15,4.45,35380132,15,0.6875,1.00%,0.00%,,,,,,,,,,,,,,,,,,,,,,,,,,,,,,,,,,,,,,,,,,,,,,,,,,,,,,,,,,,0.00%,,,,,,,,,,,,,,,,,,,,,,,,,,,,,,,,,,,,,,,,,,,,,,,,,,,,,,,,,,,
S200R10V15C15#1,200,10,15,15,1,54082816,54082858.67,1275.96,15,15,15,39.35,53912896,15,0.75,5.00%,5.00%,5.00%,5.00%,4.00%,4.00%,4.00%,4.00%,4.00%,4.00%,4.00%,4.00%,4.00%,4.00%,3.00%,2.00%,1.00%,0.00%,0.00%,0.00%,0.00%,0.00%,,,,,,,,,,,,,,,,,,,,,,,,,,,,,,,,,,,,,,,0.00%,,,,,,,,,,,,,,,,,,,,,,,,,,,,,,,,,,,,,,,,,,,,,,,,,,,,,,,,,,,
S200R10V15C15#2,200,10,15,15,2,121737472,121737472,78.83,15,15,15,19.41,119937024,15,0.828125,4.00%,0.00%,,,,,,,,,,,,,,,,,,,,,,,,,,,,,,,,,,,,,,,,,,,,,,,,,,,,,,,,,,,0.00%,,,,,,,,,,,,,,,,,,,,,,,,,,,,,,,,,,,,,,,,,,,,,,,,,,,,,,,,,,,
S200R10V15C15#3,200,10,15,15,3,64143872,64143872,103.74,15,15,15,0.69,63831552,15,0.703125,2.00%,0.00%,,,,,,,,,,,,,,,,,,,,,,,,,,,,,,,,,,,,,,,,,,,,,,,,,,,,,,,,,,,0.00%,,,,,,,,,,,,,,,,,,,,,,,,,,,,,,,,,,,,,,,,,,,,,,,,,,,,,,,,,,,
S200R10V15C15#4,200,10,15,15,4,696595456,696596024.9,258.79,15,15,15,1.47,691016192,15,0.765625,0.00%,0.00%,0.00%,0.00%,0.00%,,,,,,,,,,,,,,,,,,,,,,,,,,,,,,,,,,,,,,,,,,,,,,,,,,,,,,,,0.00%,,,,,,,,,,,,,,,,,,,,,,,,,,,,,,,,,,,,,,,,,,,,,,,,,,,,,,,,,,,
S200R10V15C15#5,200,10,15,15,5,10808320,10808320,239.4,15,15,15,6.82,10724864,15,0.75,11.00%,11.00%,6.00%,0.00%,,,,,,,,,,,,,,,,,,,,,,,,,,,,,,,,,,,,,,,,,,,,,,,,,,,,,,,,,0.00%,,,,,,,,,,,,,,,,,,,,,,,,,,,,,,,,,,,,,,,,,,,,,,,,,,,,,,,,,,,
S200R10V20C5#1,200,10,20,5,1,120259584,120259584,13.8,11,9,9,11.74,117965903,5,0.671875,0.00%,,,,,,,,,,,,,,,,,,,,,,,,,,,,,,,,,,,,,,,,,,,,,,,,,,,,,,,,,,,,0.00%,,,,,,,,,,,,,,,,,,,,,,,,,,,,,,,,,,,,,,,,,,,,,,,,,,,,,,,,,,,
S200R10V20C5#2,200,10,20,5,2,109209728,109209728,14.56,17,14,14,33.58,107368704,7,0.828125,0.00%,,,,,,,,,,,,,,,,,,,,,,,,,,,,,,,,,,,,,,,,,,,,,,,,,,,,,,,,,,,,0.00%,,,,,,,,,,,,,,,,,,,,,,,,,,,,,,,,,,,,,,,,,,,,,,,,,,,,,,,,,,,
S200R10V20C5#3,200,10,20,5,3,106718400,106718400,24.55,12,11,11,25.45,103696296,5,0.6875,0.00%,,,,,,,,,,,,,,,,,,,,,,,,,,,,,,,,,,,,,,,,,,,,,,,,,,,,,,,,,,,,0.00%,,,,,,,,,,,,,,,,,,,,,,,,,,,,,,,,,,,,,,,,,,,,,,,,,,,,,,,,,,,
S200R10V20C5#4,200,10,20,5,4,115517952,115517952,15.59,12,11,11,99.77,103177737.1,6,0.703125,0.00%,,,,,,,,,,,,,,,,,,,,,,,,,,,,,,,,,,,,,,,,,,,,,,,,,,,,,,,,,,,,20.80%,0.00%,,,,,,,,,,,,,,,,,,,,,,,,,,,,,,,,,,,,,,,,,,,,,,,,,,,,,,,,,,
S200R10V20C5#5,200,10,20,5,5,69052672,69052672,19.65,13,12,12,22.67,65095200,6,0.71875,0.00%,,,,,,,,,,,,,,,,,,,,,,,,,,,,,,,,,,,,,,,,,,,,,,,,,,,,,,,,,,,,0.00%,,,,,,,,,,,,,,,,,,,,,,,,,,,,,,,,,,,,,,,,,,,,,,,,,,,,,,,,,,,
S200R10V20C10#1,200,10,20,10,1,75818498,75821047.6,3600,20,20,20,166.27,75056800,12,1.0625,1.00%,1.00%,1.00%,1.00%,1.00%,1.00%,1.00%,1.00%,1.00%,1.00%,1.00%,1.00%,1.00%,1.00%,1.00%,1.00%,1.00%,1.00%,1.00%,1.00%,1.00%,1.00%,1.00%,1.00%,1.00%,1.00%,1.00%,1.00%,1.00%,1.00%,1.00%,1.00%,1.00%,1.00%,1.00%,1.00%,1.00%,1.00%,1.00%,0.00%,0.00%,0.00%,0.00%,0.00%,0.00%,0.00%,0.00%,0.00%,0.00%,0.00%,0.00%,0.00%,0.00%,0.00%,0.00%,0.00%,0.00%,0.00%,0.00%,0.00%,9.18%,7.56%,0.00%,,,,,,,,,,,,,,,,,,,,,,,,,,,,,,,,,,,,,,,,,,,,,,,,,,,,,,,,,
S200R10V20C10#2,200,10,20,10,2,52012320.13,52012325.05,240.31,20,20,20,154.75,50765824,15,1.46875,0.00%,0.00%,0.00%,0.00%,0.00%,,,,,,,,,,,,,,,,,,,,,,,,,,,,,,,,,,,,,,,,,,,,,,,,,,,,,,,,12.00%,8.84%,0.00%,,,,,,,,,,,,,,,,,,,,,,,,,,,,,,,,,,,,,,,,,,,,,,,,,,,,,,,,,
S200R10V20C10#3,200,10,20,10,3,14019896.25,14019896.27,47.01,19,18,18,183.02,13609320.38,12,1.109375,0.00%,,,,,,,,,,,,,,,,,,,,,,,,,,,,,,,,,,,,,,,,,,,,,,,,,,,,,,,,,,,,37.70%,17.50%,5.56%,0.00%,,,,,,,,,,,,,,,,,,,,,,,,,,,,,,,,,,,,,,,,,,,,,,,,,,,,,,,,
S200R10V20C10#4,200,10,20,10,4,62066353,62066383.12,9.06,20,19,19,87.38,61413574.25,17,1.265625,0.00%,,,,,,,,,,,,,,,,,,,,,,,,,,,,,,,,,,,,,,,,,,,,,,,,,,,,,,,,,,,,6.78%,0.00%,,,,,,,,,,,,,,,,,,,,,,,,,,,,,,,,,,,,,,,,,,,,,,,,,,,,,,,,,,
S200R10V20C10#5,200,10,20,10,5,58333776,58333827.15,686.35,20,20,20,2.67,57539072,16,1.09375,1.00%,1.00%,1.00%,1.00%,0.00%,0.00%,0.00%,0.00%,0.00%,0.00%,0.00%,0.00%,,,,,,,,,,,,,,,,,,,,,,,,,,,,,,,,,,,,,,,,,,,,,,,,,0.00%,,,,,,,,,,,,,,,,,,,,,,,,,,,,,,,,,,,,,,,,,,,,,,,,,,,,,,,,,,,
S200R10V20C15#1,200,10,20,15,1,19386944,19388625.7,3600,20,20,20,1.74,19175584,20,1.265625,5.00%,4.00%,3.00%,2.00%,2.00%,2.00%,2.00%,1.00%,1.00%,1.00%,1.00%,1.00%,1.00%,1.00%,1.00%,1.00%,1.00%,1.00%,1.00%,1.00%,1.00%,1.00%,1.00%,1.00%,1.00%,1.00%,1.00%,1.00%,1.00%,1.00%,1.00%,1.00%,1.00%,1.00%,1.00%,1.00%,1.00%,1.00%,1.00%,1.00%,1.00%,1.00%,1.00%,1.00%,1.00%,1.00%,1.00%,1.00%,1.00%,1.00%,1.00%,1.00%,1.00%,1.00%,1.00%,1.00%,1.00%,1.00%,1.00%,1.00%,0.00%,,,,,,,,,,,,,,,,,,,,,,,,,,,,,,,,,,,,,,,,,,,,,,,,,,,,,,,,,,,
S200R10V20C15#2,200,10,20,15,2,77300992,77300996,806.61,20,20,20,7.19,76178816,17,1.25,2.00%,2.00%,2.00%,2.00%,2.00%,2.00%,1.00%,1.00%,1.00%,1.00%,1.00%,1.00%,0.00%,0.00%,,,,,,,,,,,,,,,,,,,,,,,,,,,,,,,,,,,,,,,,,,,,,,,0.00%,,,,,,,,,,,,,,,,,,,,,,,,,,,,,,,,,,,,,,,,,,,,,,,,,,,,,,,,,,,
S200R10V20C15#3,200,10,20,15,3,28099840,28099865.03,1443.78,20,20,20,1.03,27891584,20,1.390625,4.00%,4.00%,3.00%,3.00%,3.00%,3.00%,3.00%,3.00%,3.00%,3.00%,3.00%,2.00%,2.00%,2.00%,2.00%,2.00%,2.00%,2.00%,1.00%,1.00%,1.00%,1.00%,0.00%,0.00%,0.00%,,,,,,,,,,,,,,,,,,,,,,,,,,,,,,,,,,,,0.00%,,,,,,,,,,,,,,,,,,,,,,,,,,,,,,,,,,,,,,,,,,,,,,,,,,,,,,,,,,,
S200R10V20C15#4,200,10,20,15,4,14819904,14819904,957.33,20,20,20,6.89,14186594,14,1.078125,2.00%,1.00%,1.00%,1.00%,1.00%,1.00%,1.00%,1.00%,1.00%,1.00%,1.00%,1.00%,0.00%,0.00%,0.00%,0.00%,,,,,,,,,,,,,,,,,,,,,,,,,,,,,,,,,,,,,,,,,,,,,0.00%,,,,,,,,,,,,,,,,,,,,,,,,,,,,,,,,,,,,,,,,,,,,,,,,,,,,,,,,,,,
S200R10V20C15#5,200,10,20,15,5,90185728,90185793.74,1530.55,20,20,20,2.64,85067008,20,1.375,2.00%,1.00%,1.00%,1.00%,1.00%,1.00%,1.00%,1.00%,1.00%,1.00%,1.00%,1.00%,1.00%,1.00%,1.00%,0.00%,0.00%,0.00%,0.00%,0.00%,0.00%,0.00%,0.00%,0.00%,0.00%,0.00%,,,,,,,,,,,,,,,,,,,,,,,,,,,,,,,,,,,0.00%,,,,,,,,,,,,,,,,,,,,,,,,,,,,,,,,,,,,,,,,,,,,,,,,,,,,,,,,,,,
S200R10V25C5#1,200,10,25,5,1,60042368,60042368,5.22,13,10,10,38.55,58912272,6,0.96875,0.00%,,,,,,,,,,,,,,,,,,,,,,,,,,,,,,,,,,,,,,,,,,,,,,,,,,,,,,,,,,,,0.00%,,,,,,,,,,,,,,,,,,,,,,,,,,,,,,,,,,,,,,,,,,,,,,,,,,,,,,,,,,,
S200R10V25C5#2,200,10,25,5,2,20004992,20004992,645.48,10,8,8,1443.13,18177082.27,4,0.71875,5.00%,5.00%,4.00%,3.00%,3.00%,2.00%,2.00%,1.00%,1.00%,1.00%,0.00%,,,,,,,,,,,,,,,,,,,,,,,,,,,,,,,,,,,,,,,,,,,,,,,,,,12.50%,12.50%,12.50%,12.50%,12.50%,12.50%,12.50%,12.50%,12.50%,12.50%,12.50%,12.50%,12.50%,12.50%,12.50%,12.50%,12.50%,12.50%,12.50%,12.50%,12.50%,12.50%,12.50%,12.50%,0.00%,,,,,,,,,,,,,,,,,,,,,,,,,,,,,,,,,,,
S200R10V25C5#3,200,10,25,5,3,416416000,416416000,9.12,15,9,9,5.19,414454532,6,1.03125,0.00%,,,,,,,,,,,,,,,,,,,,,,,,,,,,,,,,,,,,,,,,,,,,,,,,,,,,,,,,,,,,0.00%,,,,,,,,,,,,,,,,,,,,,,,,,,,,,,,,,,,,,,,,,,,,,,,,,,,,,,,,,,,
S200R10V25C5#4,200,10,25,5,4,44346624,44346624,5.9,12,8,8,6.72,43289857,6,0.953125,0.00%,,,,,,,,,,,,,,,,,,,,,,,,,,,,,,,,,,,,,,,,,,,,,,,,,,,,,,,,,,,,0.00%,,,,,,,,,,,,,,,,,,,,,,,,,,,,,,,,,,,,,,,,,,,,,,,,,,,,,,,,,,,
S200R10V25C5#5,200,10,25,5,5,93135874,93135888,4.43,14,9,9,8.24,90302464,6,0.953125,0.00%,,,,,,,,,,,,,,,,,,,,,,,,,,,,,,,,,,,,,,,,,,,,,,,,,,,,,,,,,,,,0.00%,,,,,,,,,,,,,,,,,,,,,,,,,,,,,,,,,,,,,,,,,,,,,,,,,,,,,,,,,,,
S200R10V25C10#1,200,10,25,10,1,36441160,36441160,19.8,22,18,18,70.3,35893149.5,15,1.671875,0.00%,,,,,,,,,,,,,,,,,,,,,,,,,,,,,,,,,,,,,,,,,,,,,,,,,,,,,,,,,,,,10.50%,0.00%,,,,,,,,,,,,,,,,,,,,,,,,,,,,,,,,,,,,,,,,,,,,,,,,,,,,,,,,,,
S200R10V25C10#2,200,10,25,10,2,33915776.08,33915776.08,7.95,18,15,15,58.38,32853890,10,1.203125,0.00%,,,,,,,,,,,,,,,,,,,,,,,,,,,,,,,,,,,,,,,,,,,,,,,,,,,,,,,,,,,,0.00%,,,,,,,,,,,,,,,,,,,,,,,,,,,,,,,,,,,,,,,,,,,,,,,,,,,,,,,,,,,
S200R10V25C10#3,200,10,25,10,3,46160990.13,46160990.13,20.37,22,19,19,2305.95,45453872,11,1.359375,0.00%,,,,,,,,,,,,,,,,,,,,,,,,,,,,,,,,,,,,,,,,,,,,,,,,,,,,,,,,,,,,28.20%,22.20%,21.20%,19.00%,17.20%,17.00%,17.00%,16.60%,16.20%,15.80%,15.50%,15.30%,15.00%,14.70%,14.40%,14.20%,14.10%,13.80%,13.60%,13.30%,13.00%,12.70%,12.40%,12.20%,11.90%,11.60%,11.30%,11.30%,11.30%,11.30%,11.30%,11.30%,11.20%,10.40%,9.67%,9.03%,8.37%,7.64%,0.00%,,,,,,,,,,,,,,,,,,,,,
S200R10V25C10#4,200,10,25,10,4,53655968.03,53655968.03,11.55,22,18,18,1391.37,50995964.13,14,1.71875,0.00%,,,,,,,,,,,,,,,,,,,,,,,,,,,,,,,,,,,,,,,,,,,,,,,,,,,,,,,,,,,,23.00%,21.90%,20.00%,19.90%,18.90%,18.50%,17.60%,16.60%,15.60%,15.00%,14.40%,13.80%,13.30%,12.50%,11.90%,10.80%,9.79%,6.93%,5.56%,5.56%,5.56%,5.56%,5.56%,0.00%,,,,,,,,,,,,,,,,,,,,,,,,,,,,,,,,,,,,
S200R10V25C10#5,200,10,25,10,5,16503456,16503456,12.51,22,17,17,97.2,15592354,14,1.65625,0.00%,,,,,,,,,,,,,,,,,,,,,,,,,,,,,,,,,,,,,,,,,,,,,,,,,,,,,,,,,,,,21.80%,0.00%,,,,,,,,,,,,,,,,,,,,,,,,,,,,,,,,,,,,,,,,,,,,,,,,,,,,,,,,,,
S200R10V25C15#1,200,10,25,15,1,97098496.13,97098593,1995.87,25,25,25,329.18,95209504,14,1.625,1.00%,0.00%,0.00%,0.00%,0.00%,0.00%,0.00%,0.00%,0.00%,0.00%,0.00%,0.00%,0.00%,0.00%,0.00%,0.00%,0.00%,0.00%,0.00%,0.00%,0.00%,0.00%,0.00%,0.00%,0.00%,0.00%,0.00%,0.00%,0.00%,0.00%,0.00%,0.00%,0.00%,0.00%,,,,,,,,,,,,,,,,,,,,,,,,,,,5.01%,4.91%,4.51%,4.51%,4.51%,0.00%,,,,,,,,,,,,,,,,,,,,,,,,,,,,,,,,,,,,,,,,,,,,,,,,,,,,,,
S200R10V25C15#2,200,10,25,15,2,19566014.75,19566474.14,3600,25,24,24,39.87,19249938,22,1.84375,1.00%,1.00%,1.00%,1.00%,1.00%,1.00%,1.00%,1.00%,1.00%,1.00%,1.00%,1.00%,1.00%,1.00%,1.00%,1.00%,1.00%,1.00%,1.00%,1.00%,1.00%,1.00%,1.00%,1.00%,0.00%,0.00%,0.00%,0.00%,0.00%,0.00%,0.00%,0.00%,0.00%,0.00%,0.00%,0.00%,0.00%,0.00%,0.00%,0.00%,0.00%,0.00%,0.00%,0.00%,0.00%,0.00%,0.00%,0.00%,0.00%,0.00%,0.00%,0.00%,0.00%,0.00%,0.00%,0.00%,0.00%,0.00%,0.00%,0.00%,0.00%,,,,,,,,,,,,,,,,,,,,,,,,,,,,,,,,,,,,,,,,,,,,,,,,,,,,,,,,,,,
S200R10V25C15#3,200,10,25,15,3,68287104,68288379.53,3600,25,25,25,2.38,68035440,25,1.859375,1.00%,1.00%,1.00%,1.00%,1.00%,1.00%,1.00%,1.00%,1.00%,1.00%,1.00%,1.00%,1.00%,1.00%,1.00%,1.00%,1.00%,0.00%,0.00%,0.00%,0.00%,0.00%,0.00%,0.00%,0.00%,0.00%,0.00%,0.00%,0.00%,0.00%,0.00%,0.00%,0.00%,0.00%,0.00%,0.00%,0.00%,0.00%,0.00%,0.00%,0.00%,0.00%,0.00%,0.00%,0.00%,0.00%,0.00%,0.00%,0.00%,0.00%,0.00%,0.00%,0.00%,0.00%,0.00%,0.00%,0.00%,0.00%,0.00%,0.00%,0.00%,,,,,,,,,,,,,,,,,,,,,,,,,,,,,,,,,,,,,,,,,,,,,,,,,,,,,,,,,,,
S200R10V25C15#4,200,10,25,15,4,139350024,139350926.7,3600,25,25,25,3.49,138722420.5,25,1.984375,1.00%,0.00%,0.00%,0.00%,0.00%,0.00%,0.00%,0.00%,0.00%,0.00%,0.00%,0.00%,0.00%,0.00%,0.00%,0.00%,0.00%,0.00%,0.00%,0.00%,0.00%,0.00%,0.00%,0.00%,0.00%,0.00%,0.00%,0.00%,0.00%,0.00%,0.00%,0.00%,0.00%,0.00%,0.00%,0.00%,0.00%,0.00%,0.00%,0.00%,0.00%,0.00%,0.00%,0.00%,0.00%,0.00%,0.00%,0.00%,0.00%,0.00%,0.00%,0.00%,0.00%,0.00%,0.00%,0.00%,0.00%,0.00%,0.00%,0.00%,0.00%,,,,,,,,,,,,,,,,,,,,,,,,,,,,,,,,,,,,,,,,,,,,,,,,,,,,,,,,,,,
S200R10V25C15#5,200,10,25,15,5,80037828.02,80041825.34,3600,25,25,25,618.83,79163824.06,24,2.0625,1.00%,1.00%,1.00%,1.00%,1.00%,1.00%,1.00%,1.00%,1.00%,1.00%,1.00%,1.00%,1.00%,1.00%,1.00%,1.00%,1.00%,1.00%,1.00%,1.00%,1.00%,1.00%,1.00%,1.00%,1.00%,1.00%,1.00%,1.00%,1.00%,1.00%,1.00%,1.00%,1.00%,1.00%,1.00%,1.00%,1.00%,1.00%,1.00%,1.00%,1.00%,1.00%,1.00%,1.00%,1.00%,1.00%,1.00%,1.00%,1.00%,1.00%,1.00%,1.00%,1.00%,1.00%,1.00%,1.00%,1.00%,1.00%,1.00%,0.00%,5.90%,5.47%,5.47%,5.47%,5.47%,5.47%,5.26%,5.23%,4.62%,4.37%,0.00%,,,,,,,,,,,,,,,,,,,,,,,,,,,,,,,,,,,,,,,,,,,,,,,,,
S200R20V5C5#1,200,20,5,5,1,171786240,171786240,7.99,5,5,5,3.21,165003264,5,0.234375,0.00%,,,,,,,,,,,,,,,,,,,,,,,,,,,,,,,,,,,,,,,,,,,,,,,,,,,,,,,,,,,,0.00%,,,,,,,,,,,,,,,,,,,,,,,,,,,,,,,,,,,,,,,,,,,,,,,,,,,,,,,,,,,
S200R20V5C5#2,200,20,5,5,2,70029312.2,70029312.2,7.46,7,5,5,1.64,68978688,5,0.234375,0.00%,,,,,,,,,,,,,,,,,,,,,,,,,,,,,,,,,,,,,,,,,,,,,,,,,,,,,,,,,,,,0.00%,,,,,,,,,,,,,,,,,,,,,,,,,,,,,,,,,,,,,,,,,,,,,,,,,,,,,,,,,,,
S200R20V5C5#3,200,20,5,5,3,58138624,58138624,10.84,5,5,5,6.6,55021568,5,0.21875,0.00%,,,,,,,,,,,,,,,,,,,,,,,,,,,,,,,,,,,,,,,,,,,,,,,,,,,,,,,,,,,,0.00%,,,,,,,,,,,,,,,,,,,,,,,,,,,,,,,,,,,,,,,,,,,,,,,,,,,,,,,,,,,
S200R20V5C5#4,200,20,5,5,4,90805312,90805312,7.88,5,5,5,3.24,88343552,5,0.21875,0.00%,,,,,,,,,,,,,,,,,,,,,,,,,,,,,,,,,,,,,,,,,,,,,,,,,,,,,,,,,,,,0.00%,,,,,,,,,,,,,,,,,,,,,,,,,,,,,,,,,,,,,,,,,,,,,,,,,,,,,,,,,,,
S200R20V5C5#5,200,20,5,5,5,181469184,181469184,9.15,5,5,5,2.11,178569216,5,0.28125,0.00%,,,,,,,,,,,,,,,,,,,,,,,,,,,,,,,,,,,,,,,,,,,,,,,,,,,,,,,,,,,,0.00%,,,,,,,,,,,,,,,,,,,,,,,,,,,,,,,,,,,,,,,,,,,,,,,,,,,,,,,,,,,
S200R20V5C10#1,200,20,5,10,1,27656192,27656192,6.13,5,5,5,1.62,27095040,5,0.21875,0.00%,,,,,,,,,,,,,,,,,,,,,,,,,,,,,,,,,,,,,,,,,,,,,,,,,,,,,,,,,,,,0.00%,,,,,,,,,,,,,,,,,,,,,,,,,,,,,,,,,,,,,,,,,,,,,,,,,,,,,,,,,,,
S200R20V5C10#2,200,20,5,10,2,117800960,117800960,3.33,5,5,5,1.19,110264320,5,0.203125,0.00%,,,,,,,,,,,,,,,,,,,,,,,,,,,,,,,,,,,,,,,,,,,,,,,,,,,,,,,,,,,,0.00%,,,,,,,,,,,,,,,,,,,,,,,,,,,,,,,,,,,,,,,,,,,,,,,,,,,,,,,,,,,
S200R20V5C10#3,200,20,5,10,3,57249792,57249792,8.61,5,5,5,2.91,56162304,5,0.21875,0.00%,,,,,,,,,,,,,,,,,,,,,,,,,,,,,,,,,,,,,,,,,,,,,,,,,,,,,,,,,,,,0.00%,,,,,,,,,,,,,,,,,,,,,,,,,,,,,,,,,,,,,,,,,,,,,,,,,,,,,,,,,,,
S200R20V5C10#4,200,20,5,10,4,44564480,44564480,7.24,5,5,5,2.15,39026688,5,0.21875,0.00%,,,,,,,,,,,,,,,,,,,,,,,,,,,,,,,,,,,,,,,,,,,,,,,,,,,,,,,,,,,,0.00%,,,,,,,,,,,,,,,,,,,,,,,,,,,,,,,,,,,,,,,,,,,,,,,,,,,,,,,,,,,
S200R20V5C10#5,200,20,5,10,5,84824064.03,84824064.03,8.33,5,5,5,2.93,84000768,5,0.203125,0.00%,,,,,,,,,,,,,,,,,,,,,,,,,,,,,,,,,,,,,,,,,,,,,,,,,,,,,,,,,,,,0.00%,,,,,,,,,,,,,,,,,,,,,,,,,,,,,,,,,,,,,,,,,,,,,,,,,,,,,,,,,,,
S200R20V5C15#1,200,20,5,15,1,399179776,399179776,3.55,5,5,5,0.92,390594560,5,0.203125,0.00%,,,,,,,,,,,,,,,,,,,,,,,,,,,,,,,,,,,,,,,,,,,,,,,,,,,,,,,,,,,,0.00%,,,,,,,,,,,,,,,,,,,,,,,,,,,,,,,,,,,,,,,,,,,,,,,,,,,,,,,,,,,
S200R20V5C15#2,200,20,5,15,2,122863616,122863616,33.31,5,5,5,2.43,119930880,5,0.234375,0.00%,,,,,,,,,,,,,,,,,,,,,,,,,,,,,,,,,,,,,,,,,,,,,,,,,,,,,,,,,,,,0.00%,,,,,,,,,,,,,,,,,,,,,,,,,,,,,,,,,,,,,,,,,,,,,,,,,,,,,,,,,,,
S200R20V5C15#3,200,20,5,15,3,44105728,44105728,4.76,5,5,5,1.28,41943040,5,0.203125,0.00%,,,,,,,,,,,,,,,,,,,,,,,,,,,,,,,,,,,,,,,,,,,,,,,,,,,,,,,,,,,,0.00%,,,,,,,,,,,,,,,,,,,,,,,,,,,,,,,,,,,,,,,,,,,,,,,,,,,,,,,,,,,
S200R20V5C15#4,200,20,5,15,4,97419264.27,97419328,26.96,5,5,5,1.61,94552064,5,0.21875,0.00%,,,,,,,,,,,,,,,,,,,,,,,,,,,,,,,,,,,,,,,,,,,,,,,,,,,,,,,,,,,,0.00%,,,,,,,,,,,,,,,,,,,,,,,,,,,,,,,,,,,,,,,,,,,,,,,,,,,,,,,,,,,
S200R20V5C15#5,200,20,5,15,5,30048256,30048256,18.86,5,5,5,4.79,28774400,5,0.203125,0.00%,,,,,,,,,,,,,,,,,,,,,,,,,,,,,,,,,,,,,,,,,,,,,,,,,,,,,,,,,,,,0.00%,,,,,,,,,,,,,,,,,,,,,,,,,,,,,,,,,,,,,,,,,,,,,,,,,,,,,,,,,,,
S200R20V10C5#1,200,20,10,5,1,50753536,50753536,128.96,10,10,10,20.03,41338368,9,0.75,112.00%,30.00%,0.00%,,,,,,,,,,,,,,,,,,,,,,,,,,,,,,,,,,,,,,,,,,,,,,,,,,,,,,,,,,0.00%,,,,,,,,,,,,,,,,,,,,,,,,,,,,,,,,,,,,,,,,,,,,,,,,,,,,,,,,,,,
S200R20V10C5#2,200,20,10,5,2,174543616,174543616,61.51,10,10,10,12.84,152462848,6,0.640625,2.00%,0.00%,,,,,,,,,,,,,,,,,,,,,,,,,,,,,,,,,,,,,,,,,,,,,,,,,,,,,,,,,,,0.00%,,,,,,,,,,,,,,,,,,,,,,,,,,,,,,,,,,,,,,,,,,,,,,,,,,,,,,,,,,,
S200R20V10C5#3,200,20,10,5,3,118752352,118752352,396.03,10,10,10,10.36,102119424,7,0.671875,73.00%,59.00%,49.00%,40.00%,31.00%,19.00%,0.00%,,,,,,,,,,,,,,,,,,,,,,,,,,,,,,,,,,,,,,,,,,,,,,,,,,,,,,0.00%,,,,,,,,,,,,,,,,,,,,,,,,,,,,,,,,,,,,,,,,,,,,,,,,,,,,,,,,,,,
S200R20V10C5#4,200,20,10,5,4,405979344,405979344,15.11,10,10,10,108.7,389849092,6,0.640625,0.00%,,,,,,,,,,,,,,,,,,,,,,,,,,,,,,,,,,,,,,,,,,,,,,,,,,,,,,,,,,,,23.70%,0.00%,,,,,,,,,,,,,,,,,,,,,,,,,,,,,,,,,,,,,,,,,,,,,,,,,,,,,,,,,,
S200R20V10C5#5,200,20,10,5,5,246714496,246714496,86.13,10,10,10,5.61,240185344,10,0.75,13.00%,0.00%,,,,,,,,,,,,,,,,,,,,,,,,,,,,,,,,,,,,,,,,,,,,,,,,,,,,,,,,,,,0.00%,,,,,,,,,,,,,,,,,,,,,,,,,,,,,,,,,,,,,,,,,,,,,,,,,,,,,,,,,,,
S200R20V10C10#1,200,20,10,10,1,56672256,56672256,67.49,10,10,10,5.11,55279616,10,0.6875,47.00%,0.00%,,,,,,,,,,,,,,,,,,,,,,,,,,,,,,,,,,,,,,,,,,,,,,,,,,,,,,,,,,,0.00%,,,,,,,,,,,,,,,,,,,,,,,,,,,,,,,,,,,,,,,,,,,,,,,,,,,,,,,,,,,
S200R20V10C10#2,200,20,10,10,2,258310144,258310144,13.91,10,10,10,2.6,253296640,10,0.75,0.00%,,,,,,,,,,,,,,,,,,,,,,,,,,,,,,,,,,,,,,,,,,,,,,,,,,,,,,,,,,,,0.00%,,,,,,,,,,,,,,,,,,,,,,,,,,,,,,,,,,,,,,,,,,,,,,,,,,,,,,,,,,,
S200R20V10C10#3,200,20,10,10,3,751345664,751345664,242.3,10,10,10,27.58,745357312,6,0.671875,8.00%,8.00%,5.00%,0.00%,0.00%,,,,,,,,,,,,,,,,,,,,,,,,,,,,,,,,,,,,,,,,,,,,,,,,,,,,,,,,0.00%,,,,,,,,,,,,,,,,,,,,,,,,,,,,,,,,,,,,,,,,,,,,,,,,,,,,,,,,,,,
S200R20V10C10#4,200,20,10,10,4,183339008,183339008,76.84,10,10,10,20.33,172646400,10,0.890625,3.00%,0.00%,,,,,,,,,,,,,,,,,,,,,,,,,,,,,,,,,,,,,,,,,,,,,,,,,,,,,,,,,,,0.00%,,,,,,,,,,,,,,,,,,,,,,,,,,,,,,,,,,,,,,,,,,,,,,,,,,,,,,,,,,,
S200R20V10C10#5,200,20,10,10,5,102318080,102345386.7,3600,10,10,10,11.44,97484800,10,0.90625,4.00%,3.00%,3.00%,3.00%,3.00%,3.00%,3.00%,3.00%,3.00%,3.00%,3.00%,3.00%,3.00%,3.00%,3.00%,3.00%,3.00%,3.00%,3.00%,3.00%,3.00%,3.00%,3.00%,3.00%,3.00%,3.00%,3.00%,3.00%,3.00%,3.00%,3.00%,3.00%,3.00%,3.00%,3.00%,3.00%,3.00%,3.00%,3.00%,3.00%,3.00%,3.00%,3.00%,3.00%,3.00%,3.00%,3.00%,3.00%,3.00%,3.00%,3.00%,3.00%,3.00%,3.00%,3.00%,3.00%,3.00%,3.00%,3.00%,3.00%,0.00%,,,,,,,,,,,,,,,,,,,,,,,,,,,,,,,,,,,,,,,,,,,,,,,,,,,,,,,,,,,
S200R20V10C15#1,200,20,10,15,1,198018048.1,198018048.1,24.74,10,10,10,5.99,194387968,10,0.75,0.00%,,,,,,,,,,,,,,,,,,,,,,,,,,,,,,,,,,,,,,,,,,,,,,,,,,,,,,,,,,,,0.00%,,,,,,,,,,,,,,,,,,,,,,,,,,,,,,,,,,,,,,,,,,,,,,,,,,,,,,,,,,,
S200R20V10C15#2,200,20,10,15,2,198664192,198664192,41.61,10,10,10,10.63,197181440,10,0.71875,0.00%,,,,,,,,,,,,,,,,,,,,,,,,,,,,,,,,,,,,,,,,,,,,,,,,,,,,,,,,,,,,0.00%,,,,,,,,,,,,,,,,,,,,,,,,,,,,,,,,,,,,,,,,,,,,,,,,,,,,,,,,,,,
S200R20V10C15#3,200,20,10,15,3,42557440,42557440,118.38,10,10,10,15.02,38994944,10,0.65625,8.00%,0.00%,,,,,,,,,,,,,,,,,,,,,,,,,,,,,,,,,,,,,,,,,,,,,,,,,,,,,,,,,,,0.00%,,,,,,,,,,,,,,,,,,,,,,,,,,,,,,,,,,,,,,,,,,,,,,,,,,,,,,,,,,,
S200R20V10C15#4,200,20,10,15,4,342181888,342182136,810.56,10,10,10,35.08,337690624,10,0.75,49.00%,13.00%,3.00%,1.00%,1.00%,1.00%,1.00%,0.00%,0.00%,0.00%,0.00%,0.00%,0.00%,0.00%,,,,,,,,,,,,,,,,,,,,,,,,,,,,,,,,,,,,,,,,,,,,,,,0.00%,,,,,,,,,,,,,,,,,,,,,,,,,,,,,,,,,,,,,,,,,,,,,,,,,,,,,,,,,,,
S200R20V10C15#5,200,20,10,15,5,172040192,172040192,53.33,10,10,10,1.81,167550976,10,0.71875,0.00%,,,,,,,,,,,,,,,,,,,,,,,,,,,,,,,,,,,,,,,,,,,,,,,,,,,,,,,,,,,,0.00%,,,,,,,,,,,,,,,,,,,,,,,,,,,,,,,,,,,,,,,,,,,,,,,,,,,,,,,,,,,
S200R20V15C5#1,200,20,15,5,1,174702592,174702603.6,335.06,12,12,12,55.56,169062400,6,1.0625,6.00%,5.00%,4.00%,4.00%,3.00%,0.00%,,,,,,,,,,,,,,,,,,,,,,,,,,,,,,,,,,,,,,,,,,,,,,,,,,,,,,,0.00%,,,,,,,,,,,,,,,,,,,,,,,,,,,,,,,,,,,,,,,,,,,,,,,,,,,,,,,,,,,
S200R20V15C5#2,200,20,15,5,2,33505281.5,33505281.5,567.62,11,11,11,54.15,23344320.13,5,0.859375,60.00%,24.00%,14.00%,13.00%,10.00%,9.00%,9.00%,3.00%,2.00%,0.00%,,,,,,,,,,,,,,,,,,,,,,,,,,,,,,,,,,,,,,,,,,,,,,,,,,,0.00%,,,,,,,,,,,,,,,,,,,,,,,,,,,,,,,,,,,,,,,,,,,,,,,,,,,,,,,,,,,
S200R20V15C5#3,200,20,15,5,3,186204672,186204672,23.83,13,13,13,485.38,177149184,8,1.25,0.00%,,,,,,,,,,,,,,,,,,,,,,,,,,,,,,,,,,,,,,,,,,,,,,,,,,,,,,,,,,,,30.20%,22.90%,22.90%,22.90%,22.90%,22.90%,22.90%,22.90%,0.00%,,,,,,,,,,,,,,,,,,,,,,,,,,,,,,,,,,,,,,,,,,,,,,,,,,,
S200R20V15C5#4,200,20,15,5,4,90415680.02,90436920.86,3600,14,14,14,1717.12,66792064,7,0.984375,125.00%,81.00%,61.00%,34.00%,25.00%,23.00%,22.00%,20.00%,19.00%,19.00%,19.00%,19.00%,19.00%,19.00%,19.00%,19.00%,19.00%,18.00%,17.00%,16.00%,15.00%,15.00%,14.00%,14.00%,14.00%,12.00%,12.00%,12.00%,12.00%,12.00%,11.00%,10.00%,10.00%,10.00%,10.00%,9.00%,9.00%,9.00%,9.00%,8.00%,8.00%,8.00%,8.00%,7.00%,7.00%,6.00%,6.00%,6.00%,5.00%,5.00%,5.00%,5.00%,4.00%,4.00%,4.00%,3.00%,3.00%,3.00%,2.00%,2.00%,20.30%,18.60%,15.00%,13.60%,12.80%,12.20%,11.50%,7.14%,7.14%,7.14%,7.14%,7.14%,7.14%,7.14%,7.14%,7.14%,7.14%,7.14%,7.14%,7.14%,7.14%,7.14%,7.14%,7.14%,7.14%,7.14%,7.14%,7.14%,0.00%,,,,,,,,,,,,,,,,,,,,,,,,,,,,,,,
S200R20V15C5#5,200,20,15,5,5,65546240,65546240,477.97,13,13,13,62.04,61102240,6,0.984375,10.00%,6.00%,6.00%,5.00%,4.00%,4.00%,2.00%,0.00%,,,,,,,,,,,,,,,,,,,,,,,,,,,,,,,,,,,,,,,,,,,,,,,,,,,,,15.70%,0.00%,,,,,,,,,,,,,,,,,,,,,,,,,,,,,,,,,,,,,,,,,,,,,,,,,,,,,,,,,,
S200R20V15C10#1,200,20,15,10,1,210158880,210159058.7,904.52,15,15,15,36.13,205852944,15,1.484375,52.00%,22.00%,22.00%,15.00%,15.00%,14.00%,13.00%,10.00%,6.00%,5.00%,5.00%,3.00%,1.00%,0.00%,0.00%,0.00%,,,,,,,,,,,,,,,,,,,,,,,,,,,,,,,,,,,,,,,,,,,,,0.00%,,,,,,,,,,,,,,,,,,,,,,,,,,,,,,,,,,,,,,,,,,,,,,,,,,,,,,,,,,,
S200R20V15C10#2,200,20,15,10,2,173551360,173551488,3299.39,15,15,15,81.8,169147136,15,1.53125,22.00%,19.00%,18.00%,17.00%,17.00%,14.00%,13.00%,12.00%,12.00%,11.00%,11.00%,11.00%,11.00%,11.00%,11.00%,11.00%,11.00%,11.00%,11.00%,11.00%,11.00%,11.00%,11.00%,11.00%,11.00%,11.00%,11.00%,11.00%,11.00%,11.00%,11.00%,11.00%,10.00%,9.00%,9.00%,8.00%,7.00%,7.00%,6.00%,6.00%,5.00%,5.00%,5.00%,4.00%,4.00%,3.00%,3.00%,2.00%,1.00%,1.00%,1.00%,1.00%,1.00%,0.00%,,,,,,,19.10%,0.00%,,,,,,,,,,,,,,,,,,,,,,,,,,,,,,,,,,,,,,,,,,,,,,,,,,,,,,,,,,
S200R20V15C10#3,200,20,15,10,3,751132672,751132821.8,137.69,15,15,15,2.09,732359680,15,1.5,3.00%,1.00%,0.00%,,,,,,,,,,,,,,,,,,,,,,,,,,,,,,,,,,,,,,,,,,,,,,,,,,,,,,,,,,0.00%,,,,,,,,,,,,,,,,,,,,,,,,,,,,,,,,,,,,,,,,,,,,,,,,,,,,,,,,,,,
S200R20V15C10#4,200,20,15,10,4,244143616,244143680,158.31,15,15,15,15.91,241817600,15,1.5,19.00%,10.00%,0.00%,,,,,,,,,,,,,,,,,,,,,,,,,,,,,,,,,,,,,,,,,,,,,,,,,,,,,,,,,,0.00%,,,,,,,,,,,,,,,,,,,,,,,,,,,,,,,,,,,,,,,,,,,,,,,,,,,,,,,,,,,
S200R20V15C10#5,200,20,15,10,5,114968608,114968608,2323.65,15,15,15,102.43,105472336.1,15,1.5,35.00%,33.00%,31.00%,30.00%,29.00%,28.00%,27.00%,26.00%,25.00%,25.00%,24.00%,23.00%,23.00%,23.00%,23.00%,23.00%,21.00%,20.00%,20.00%,20.00%,20.00%,20.00%,19.00%,19.00%,19.00%,19.00%,19.00%,19.00%,19.00%,19.00%,19.00%,17.00%,17.00%,16.00%,16.00%,14.00%,10.00%,3.00%,0.00%,,,,,,,,,,,,,,,,,,,,,,23.70%,0.00%,,,,,,,,,,,,,,,,,,,,,,,,,,,,,,,,,,,,,,,,,,,,,,,,,,,,,,,,,,
S200R20V15C15#1,200,20,15,15,1,79450624.02,79450624.02,618.21,15,15,15,11.56,78157824,15,1.609375,45.00%,26.00%,24.00%,17.00%,11.00%,10.00%,9.00%,7.00%,5.00%,0.00%,0.00%,,,,,,,,,,,,,,,,,,,,,,,,,,,,,,,,,,,,,,,,,,,,,,,,,,0.00%,,,,,,,,,,,,,,,,,,,,,,,,,,,,,,,,,,,,,,,,,,,,,,,,,,,,,,,,,,,
S200R20V15C15#2,200,20,15,15,2,106583040,106583040,198.21,15,15,15,26.33,104604672,15,1.484375,13.00%,13.00%,12.00%,0.00%,,,,,,,,,,,,,,,,,,,,,,,,,,,,,,,,,,,,,,,,,,,,,,,,,,,,,,,,,0.00%,,,,,,,,,,,,,,,,,,,,,,,,,,,,,,,,,,,,,,,,,,,,,,,,,,,,,,,,,,,
S200R20V15C15#3,200,20,15,15,3,276716544,276724224,3600,15,15,15,11.08,273096704,15,1.546875,12.00%,9.00%,9.00%,7.00%,6.00%,3.00%,2.00%,1.00%,1.00%,1.00%,1.00%,1.00%,1.00%,1.00%,0.00%,0.00%,0.00%,0.00%,0.00%,0.00%,0.00%,0.00%,0.00%,0.00%,0.00%,0.00%,0.00%,0.00%,0.00%,0.00%,0.00%,0.00%,0.00%,0.00%,0.00%,0.00%,0.00%,0.00%,0.00%,0.00%,0.00%,0.00%,0.00%,0.00%,0.00%,0.00%,0.00%,0.00%,0.00%,0.00%,0.00%,0.00%,0.00%,0.00%,0.00%,0.00%,0.00%,0.00%,0.00%,0.00%,0.00%,,,,,,,,,,,,,,,,,,,,,,,,,,,,,,,,,,,,,,,,,,,,,,,,,,,,,,,,,,,
S200R20V15C15#4,200,20,15,15,4,112807936,112808016,845.48,15,15,15,24.2,111831040,15,1.5,48.00%,45.00%,30.00%,28.00%,13.00%,11.00%,8.00%,7.00%,5.00%,3.00%,2.00%,1.00%,0.00%,0.00%,0.00%,,,,,,,,,,,,,,,,,,,,,,,,,,,,,,,,,,,,,,,,,,,,,,0.00%,,,,,,,,,,,,,,,,,,,,,,,,,,,,,,,,,,,,,,,,,,,,,,,,,,,,,,,,,,,
S200R20V15C15#5,200,20,15,15,5,43878400,43878418,1056.73,15,15,15,66.12,42977280,15,1.609375,118.00%,115.00%,103.00%,85.00%,70.00%,68.00%,67.00%,66.00%,63.00%,53.00%,36.00%,15.00%,4.00%,0.00%,0.00%,0.00%,0.00%,,,,,,,,,,,,,,,,,,,,,,,,,,,,,,,,,,,,,,,,,,,,16.60%,0.00%,,,,,,,,,,,,,,,,,,,,,,,,,,,,,,,,,,,,,,,,,,,,,,,,,,,,,,,,,,
S200R20V20C5#1,200,20,20,5,1,53119136.5,53119136.5,421.32,17,15,13,3600,45820136,7,1.71875,5.00%,4.00%,3.00%,2.00%,1.00%,1.00%,0.00%,0.00%,,,,,,,,,,,,,,,,,,,,,,,,,,,,,,,,,,,,,,,,,,,,,,,,,,,,,32.10%,24.00%,20.50%,19.70%,18.90%,17.90%,16.60%,15.30%,13.60%,13.30%,13.30%,13.30%,13.30%,13.30%,13.30%,13.30%,13.30%,13.30%,13.30%,13.30%,13.30%,13.30%,13.30%,13.30%,13.30%,13.30%,13.30%,13.30%,13.30%,13.30%,13.30%,13.30%,13.30%,13.30%,13.30%,13.30%,13.30%,13.30%,13.30%,13.30%,13.30%,13.30%,13.30%,13.30%,13.30%,13.30%,13.30%,13.30%,13.30%,13.30%,13.30%,13.30%,13.30%,13.30%,13.30%,13.30%,13.30%,13.30%,13.30%,13.30%
S200R20V20C5#2,200,20,20,5,2,593979520,593979520,19.54,16,13,13,114.12,579420176,7,1.609375,0.00%,,,,,,,,,,,,,,,,,,,,,,,,,,,,,,,,,,,,,,,,,,,,,,,,,,,,,,,,,,,,20.00%,0.00%,,,,,,,,,,,,,,,,,,,,,,,,,,,,,,,,,,,,,,,,,,,,,,,,,,,,,,,,,,
S200R20V20C5#3,200,20,20,5,3,88216628,88216666.6,219.6,13,13,13,26.27,74534016,6,1.484375,13.00%,5.00%,2.00%,0.00%,,,,,,,,,,,,,,,,,,,,,,,,,,,,,,,,,,,,,,,,,,,,,,,,,,,,,,,,,0.00%,,,,,,,,,,,,,,,,,,,,,,,,,,,,,,,,,,,,,,,,,,,,,,,,,,,,,,,,,,,
S200R20V20C5#4,200,20,20,5,4,50338112.19,50338158.68,46.77,14,14,14,42.29,38444880,9,2.3125,0.00%,,,,,,,,,,,,,,,,,,,,,,,,,,,,,,,,,,,,,,,,,,,,,,,,,,,,,,,,,,,,0.00%,,,,,,,,,,,,,,,,,,,,,,,,,,,,,,,,,,,,,,,,,,,,,,,,,,,,,,,,,,,
S200R20V20C5#5,200,20,20,5,5,80955986.09,80955986.09,55.14,14,13,13,28.78,60707203,6,1.765625,0.00%,,,,,,,,,,,,,,,,,,,,,,,,,,,,,,,,,,,,,,,,,,,,,,,,,,,,,,,,,,,,0.00%,,,,,,,,,,,,,,,,,,,,,,,,,,,,,,,,,,,,,,,,,,,,,,,,,,,,,,,,,,,
S200R20V20C10#1,200,20,20,10,1,372701952,372761449.7,3600,20,20,20,1054.2,361840144,14,2.46875,5.00%,5.00%,5.00%,3.00%,2.00%,2.00%,2.00%,2.00%,2.00%,2.00%,2.00%,2.00%,2.00%,2.00%,2.00%,2.00%,2.00%,2.00%,2.00%,2.00%,2.00%,2.00%,2.00%,2.00%,2.00%,2.00%,2.00%,2.00%,2.00%,2.00%,2.00%,2.00%,2.00%,2.00%,2.00%,2.00%,2.00%,2.00%,2.00%,2.00%,2.00%,2.00%,2.00%,2.00%,2.00%,2.00%,2.00%,2.00%,2.00%,2.00%,2.00%,2.00%,2.00%,2.00%,2.00%,2.00%,2.00%,2.00%,2.00%,2.00%,24.60%,24.40%,20.60%,20.60%,19.30%,17.60%,16.70%,15.50%,15.00%,13.90%,13.40%,12.90%,12.60%,12.30%,11.90%,11.00%,9.27%,0.00%,,,,,,,,,,,,,,,,,,,,,,,,,,,,,,,,,,,,,,,,,,
S200R20V20C10#2,200,20,20,10,2,94827584,94877286.4,3600,20,20,20,8.39,93119488,19,2.6875,13.00%,13.00%,11.00%,11.00%,10.00%,10.00%,10.00%,10.00%,10.00%,9.00%,9.00%,9.00%,9.00%,9.00%,9.00%,9.00%,9.00%,9.00%,9.00%,9.00%,9.00%,9.00%,9.00%,9.00%,8.00%,8.00%,8.00%,8.00%,8.00%,8.00%,8.00%,8.00%,8.00%,8.00%,8.00%,8.00%,8.00%,8.00%,8.00%,8.00%,6.00%,6.00%,6.00%,6.00%,6.00%,5.00%,5.00%,5.00%,5.00%,5.00%,5.00%,5.00%,5.00%,5.00%,5.00%,5.00%,5.00%,5.00%,5.00%,5.00%,0.00%,,,,,,,,,,,,,,,,,,,,,,,,,,,,,,,,,,,,,,,,,,,,,,,,,,,,,,,,,,,
S200R20V20C10#3,200,20,20,10,3,148437283.1,148476854.1,3600,18,18,18,480.67,144554049,12,2.375,7.00%,6.00%,6.00%,4.00%,4.00%,3.00%,3.00%,3.00%,3.00%,3.00%,3.00%,3.00%,3.00%,3.00%,3.00%,3.00%,3.00%,3.00%,3.00%,3.00%,3.00%,3.00%,3.00%,3.00%,3.00%,3.00%,3.00%,3.00%,3.00%,3.00%,3.00%,3.00%,3.00%,3.00%,3.00%,3.00%,3.00%,3.00%,3.00%,3.00%,3.00%,3.00%,3.00%,3.00%,3.00%,3.00%,3.00%,3.00%,3.00%,3.00%,3.00%,3.00%,3.00%,3.00%,3.00%,3.00%,3.00%,3.00%,3.00%,3.00%,26.30%,19.50%,16.70%,16.10%,13.60%,11.50%,9.94%,7.54%,0.00%,,,,,,,,,,,,,,,,,,,,,,,,,,,,,,,,,,,,,,,,,,,,,,,,,,,
S200R20V20C10#4,200,20,20,10,4,149366016.1,149513473.2,3600,20,20,18,3600,136766560,16,2.546875,20.00%,16.00%,15.00%,14.00%,14.00%,14.00%,14.00%,14.00%,13.00%,13.00%,13.00%,12.00%,11.00%,11.00%,11.00%,11.00%,11.00%,11.00%,11.00%,11.00%,10.00%,10.00%,10.00%,10.00%,10.00%,10.00%,10.00%,10.00%,10.00%,10.00%,10.00%,10.00%,10.00%,10.00%,10.00%,10.00%,10.00%,10.00%,10.00%,10.00%,10.00%,10.00%,10.00%,10.00%,10.00%,10.00%,10.00%,10.00%,10.00%,10.00%,10.00%,10.00%,10.00%,10.00%,10.00%,10.00%,10.00%,10.00%,10.00%,10.00%,20.20%,19.50%,17.70%,17.70%,17.70%,17.70%,17.60%,17.50%,17.50%,17.50%,17.50%,17.50%,17.50%,17.50%,17.30%,17.30%,17.30%,17.30%,17.30%,17.30%,17.30%,17.30%,17.20%,17.00%,16.80%,16.60%,16.30%,16.20%,16.00%,15.90%,15.60%,15.20%,15.20%,15.20%,15.20%,15.20%,15.20%,15.20%,15.20%,15.10%,15.00%,14.80%,14.70%,14.50%,14.50%,14.50%,14.50%,14.50%,14.40%,14.40%,14.40%,14.40%,14.40%,14.40%,14.40%,14.40%,14.40%,14.40%,14.40%,14.40%
S200R20V20C10#5,200,20,20,10,5,86537417.07,86581631.48,3600,20,20,20,704.82,81119013.13,16,2.546875,29.00%,15.00%,10.00%,8.00%,7.00%,7.00%,6.00%,6.00%,6.00%,6.00%,6.00%,6.00%,6.00%,6.00%,6.00%,6.00%,6.00%,6.00%,6.00%,6.00%,6.00%,6.00%,6.00%,6.00%,6.00%,6.00%,6.00%,6.00%,6.00%,6.00%,6.00%,6.00%,6.00%,6.00%,6.00%,6.00%,6.00%,6.00%,6.00%,6.00%,6.00%,6.00%,6.00%,6.00%,6.00%,6.00%,6.00%,6.00%,5.00%,5.00%,5.00%,5.00%,5.00%,5.00%,5.00%,5.00%,5.00%,5.00%,5.00%,,22.60%,20.50%,17.50%,17.50%,15.00%,13.10%,11.50%,10.80%,10.10%,9.25%,8.33%,0.00%,,,,,,,,,,,,,,,,,,,,,,,,,,,,,,,,,,,,,,,,,,,,,,,,
S200R20V20C15#1,200,20,20,15,1,55972352.02,56144896,3600,20,20,20,197.6,54124032,20,2.578125,55.00%,39.00%,38.00%,37.00%,36.00%,36.00%,36.00%,36.00%,36.00%,36.00%,36.00%,34.00%,33.00%,32.00%,32.00%,32.00%,32.00%,32.00%,32.00%,32.00%,32.00%,32.00%,32.00%,32.00%,32.00%,32.00%,32.00%,32.00%,31.00%,31.00%,31.00%,31.00%,31.00%,31.00%,31.00%,31.00%,31.00%,31.00%,31.00%,31.00%,31.00%,31.00%,31.00%,31.00%,31.00%,31.00%,31.00%,31.00%,31.00%,31.00%,31.00%,31.00%,31.00%,31.00%,31.00%,31.00%,31.00%,31.00%,31.00%,,9.48%,9.42%,7.17%,0.00%,,,,,,,,,,,,,,,,,,,,,,,,,,,,,,,,,,,,,,,,,,,,,,,,,,,,,,,,
S200R20V20C15#2,200,20,20,15,2,117723136,117723200,1429.37,20,20,20,4.27,114747392,20,2.484375,10.00%,4.00%,3.00%,3.00%,2.00%,2.00%,1.00%,1.00%,1.00%,1.00%,1.00%,0.00%,0.00%,0.00%,0.00%,0.00%,0.00%,0.00%,0.00%,0.00%,0.00%,0.00%,0.00%,0.00%,,,,,,,,,,,,,,,,,,,,,,,,,,,,,,,,,,,,,0.00%,,,,,,,,,,,,,,,,,,,,,,,,,,,,,,,,,,,,,,,,,,,,,,,,,,,,,,,,,,,
S200R20V20C15#3,200,20,20,15,3,105525760,105526624,3600,20,20,20,6.36,104564736,20,2.765625,13.00%,10.00%,9.00%,7.00%,5.00%,3.00%,1.00%,1.00%,0.00%,0.00%,0.00%,0.00%,0.00%,0.00%,0.00%,0.00%,0.00%,0.00%,0.00%,0.00%,0.00%,0.00%,0.00%,0.00%,0.00%,0.00%,0.00%,0.00%,0.00%,0.00%,0.00%,0.00%,0.00%,0.00%,0.00%,0.00%,0.00%,0.00%,0.00%,0.00%,0.00%,0.00%,0.00%,0.00%,0.00%,0.00%,0.00%,0.00%,0.00%,0.00%,0.00%,0.00%,0.00%,0.00%,0.00%,0.00%,0.00%,0.00%,0.00%,0.00%,0.00%,,,,,,,,,,,,,,,,,,,,,,,,,,,,,,,,,,,,,,,,,,,,,,,,,,,,,,,,,,,
S200R20V20C15#4,200,20,20,15,4,66306712.5,66471680.02,3600,20,20,20,328.7,64213592,20,2.46875,77.00%,64.00%,62.00%,49.00%,48.00%,32.00%,32.00%,32.00%,32.00%,32.00%,31.00%,31.00%,31.00%,31.00%,31.00%,31.00%,31.00%,31.00%,31.00%,30.00%,29.00%,29.00%,29.00%,29.00%,29.00%,29.00%,28.00%,28.00%,28.00%,28.00%,28.00%,28.00%,28.00%,28.00%,28.00%,28.00%,28.00%,27.00%,27.00%,27.00%,27.00%,27.00%,27.00%,27.00%,27.00%,27.00%,27.00%,26.00%,26.00%,26.00%,26.00%,25.00%,25.00%,25.00%,25.00%,25.00%,25.00%,25.00%,,,15.60%,13.90%,11.60%,9.82%,8.07%,0.00%,,,,,,,,,,,,,,,,,,,,,,,,,,,,,,,,,,,,,,,,,,,,,,,,,,,,,,
S200R20V20C15#5,200,20,20,15,5,34461192.5,34544296.86,3600,20,20,20,147.04,32637952,19,2.5,72.00%,39.00%,35.00%,35.00%,34.00%,33.00%,32.00%,30.00%,30.00%,30.00%,30.00%,30.00%,30.00%,30.00%,30.00%,30.00%,30.00%,29.00%,29.00%,29.00%,29.00%,29.00%,29.00%,25.00%,25.00%,25.00%,25.00%,25.00%,24.00%,24.00%,24.00%,24.00%,24.00%,24.00%,24.00%,24.00%,24.00%,24.00%,24.00%,24.00%,24.00%,24.00%,24.00%,24.00%,24.00%,24.00%,24.00%,24.00%,24.00%,24.00%,24.00%,24.00%,24.00%,24.00%,24.00%,24.00%,24.00%,24.00%,24.00%,,8.42%,8.27%,0.00%,,,,,,,,,,,,,,,,,,,,,,,,,,,,,,,,,,,,,,,,,,,,,,,,,,,,,,,,,
S200R20V25C5#1,200,20,25,5,1,145377290,145377290,84.94,12,12,12,19.12,134330496,6,1.890625,4.00%,0.00%,,,,,,,,,,,,,,,,,,,,,,,,,,,,,,,,,,,,,,,,,,,,,,,,,,,,,,,,,,,0.00%,,,,,,,,,,,,,,,,,,,,,,,,,,,,,,,,,,,,,,,,,,,,,,,,,,,,,,,,,,,
S200R20V25C5#2,200,20,25,5,2,47041968.06,47041968.06,144.7,14,13,13,146.97,40849664,8,2.4375,14.00%,4.00%,0.00%,,,,,,,,,,,,,,,,,,,,,,,,,,,,,,,,,,,,,,,,,,,,,,,,,,,,,,,,,,22.90%,15.10%,0.00%,,,,,,,,,,,,,,,,,,,,,,,,,,,,,,,,,,,,,,,,,,,,,,,,,,,,,,,,,
S200R20V25C5#3,200,20,25,5,3,33144908,33144908,2056.83,13,13,13,101.91,27664642,5,1.703125,109.00%,79.00%,64.00%,63.00%,63.00%,31.00%,31.00%,30.00%,29.00%,29.00%,29.00%,29.00%,29.00%,28.00%,26.00%,26.00%,26.00%,26.00%,22.00%,18.00%,16.00%,16.00%,15.00%,14.00%,13.00%,12.00%,11.00%,10.00%,9.00%,8.00%,7.00%,6.00%,4.00%,1.00%,0.00%,,,,,,,,,,,,,,,,,,,,,,,,,,26.10%,0.00%,,,,,,,,,,,,,,,,,,,,,,,,,,,,,,,,,,,,,,,,,,,,,,,,,,,,,,,,,,
S200R20V25C5#4,200,20,25,5,4,600119808,600119808,82.02,15,14,14,144.42,578030208,6,1.828125,1.00%,0.00%,,,,,,,,,,,,,,,,,,,,,,,,,,,,,,,,,,,,,,,,,,,,,,,,,,,,,,,,,,,12.30%,7.14%,0.00%,,,,,,,,,,,,,,,,,,,,,,,,,,,,,,,,,,,,,,,,,,,,,,,,,,,,,,,,,
S200R20V25C5#5,200,20,25,5,5,367920256,367920256,20.43,13,10,10,14.81,363509824,6,1.6875,0.00%,,,,,,,,,,,,,,,,,,,,,,,,,,,,,,,,,,,,,,,,,,,,,,,,,,,,,,,,,,,,0.00%,,,,,,,,,,,,,,,,,,,,,,,,,,,,,,,,,,,,,,,,,,,,,,,,,,,,,,,,,,,
S200R20V25C10#1,200,20,25,10,1,111920193.5,111924677.4,3600,20,18,17,3600,99834816,11,2.765625,2.00%,1.00%,1.00%,1.00%,1.00%,1.00%,1.00%,1.00%,1.00%,1.00%,1.00%,1.00%,1.00%,1.00%,0.00%,0.00%,0.00%,0.00%,0.00%,0.00%,0.00%,0.00%,0.00%,0.00%,0.00%,0.00%,0.00%,0.00%,0.00%,0.00%,0.00%,0.00%,0.00%,0.00%,0.00%,0.00%,0.00%,0.00%,0.00%,0.00%,0.00%,0.00%,0.00%,0.00%,0.00%,0.00%,0.00%,0.00%,0.00%,0.00%,0.00%,0.00%,0.00%,0.00%,0.00%,0.00%,0.00%,0.00%,0.00%,0.00%,27.50%,27.00%,22.80%,16.70%,11.40%,10.90%,10.70%,10.60%,10.40%,10.40%,10.30%,10.30%,10.30%,10.30%,10.30%,10.20%,10.20%,10.20%,10.10%,10.10%,10.10%,10.10%,10.10%,10.10%,10.10%,10.10%,10.00%,10.00%,10.00%,10.00%,10.00%,10.00%,10.00%,9.95%,9.93%,9.92%,9.91%,9.89%,9.88%,9.86%,9.83%,9.80%,9.77%,9.73%,9.68%,9.62%,9.55%,9.46%,9.36%,9.24%,9.13%,9.03%,8.96%,8.89%,8.83%,8.77%,8.68%,8.58%,8.50%,8.44%
S200R20V25C10#2,200,20,25,10,2,185270592.4,185292411,3600,22,22,18,3600,169140154,12,3.078125,6.00%,4.00%,4.00%,4.00%,3.00%,3.00%,3.00%,3.00%,3.00%,2.00%,2.00%,2.00%,2.00%,2.00%,2.00%,2.00%,2.00%,2.00%,2.00%,2.00%,2.00%,2.00%,2.00%,2.00%,2.00%,2.00%,2.00%,2.00%,2.00%,2.00%,2.00%,2.00%,2.00%,2.00%,2.00%,2.00%,2.00%,2.00%,2.00%,2.00%,2.00%,2.00%,2.00%,2.00%,2.00%,2.00%,1.00%,1.00%,1.00%,1.00%,1.00%,1.00%,1.00%,1.00%,1.00%,1.00%,1.00%,1.00%,1.00%,1.00%,29.90%,24.40%,24.30%,23.60%,23.10%,22.90%,22.60%,22.50%,22.30%,22.20%,22.00%,21.90%,21.80%,21.70%,21.50%,21.40%,21.40%,21.20%,21.10%,21.00%,20.90%,20.80%,20.70%,20.60%,20.50%,20.40%,20.30%,20.20%,20.10%,20.10%,20.00%,20.00%,19.90%,19.90%,19.80%,19.70%,19.70%,19.60%,19.60%,19.50%,19.50%,19.40%,19.30%,19.30%,19.20%,19.10%,19.10%,19.10%,19.00%,18.90%,18.90%,18.80%,18.80%,18.70%,18.70%,18.70%,18.60%,18.60%,18.50%,18.50%
S200R20V25C10#3,200,20,25,10,3,188588385.5,188614792.5,3600,20,19,16,3600,149397760,11,3.03125,8.00%,8.00%,4.00%,3.00%,3.00%,3.00%,3.00%,3.00%,3.00%,3.00%,3.00%,2.00%,2.00%,2.00%,2.00%,2.00%,2.00%,2.00%,2.00%,2.00%,2.00%,2.00%,2.00%,2.00%,2.00%,2.00%,2.00%,2.00%,1.00%,1.00%,1.00%,1.00%,1.00%,1.00%,1.00%,1.00%,1.00%,1.00%,1.00%,1.00%,1.00%,1.00%,1.00%,1.00%,1.00%,1.00%,1.00%,1.00%,1.00%,1.00%,1.00%,1.00%,1.00%,1.00%,1.00%,1.00%,1.00%,1.00%,1.00%,1.00%,33.60%,29.00%,27.80%,27.70%,27.50%,27.40%,27.40%,27.30%,27.20%,27.00%,26.70%,26.20%,25.60%,25.10%,24.70%,24.60%,24.50%,24.40%,24.40%,24.30%,24.30%,24.20%,24.10%,24.00%,24.00%,23.90%,23.80%,23.70%,23.60%,23.50%,23.30%,23.20%,23.10%,23.00%,22.90%,22.70%,22.50%,22.30%,22.10%,21.70%,21.50%,21.30%,21.10%,21.00%,20.90%,20.80%,20.70%,20.70%,20.60%,20.60%,20.50%,20.50%,20.40%,20.40%,20.40%,16.10%,16.10%,16.10%,16.10%,16.00%
S200R20V25C10#4,200,20,25,10,4,57393025.5,57394980.38,3600,21,20,17,3600,53862784,13,3.125,6.00%,4.00%,3.00%,2.00%,2.00%,2.00%,2.00%,1.00%,1.00%,1.00%,1.00%,1.00%,1.00%,1.00%,1.00%,1.00%,1.00%,1.00%,1.00%,1.00%,1.00%,1.00%,1.00%,1.00%,1.00%,1.00%,1.00%,1.00%,1.00%,1.00%,1.00%,1.00%,1.00%,1.00%,1.00%,1.00%,1.00%,1.00%,1.00%,1.00%,1.00%,1.00%,1.00%,1.00%,0.00%,0.00%,0.00%,0.00%,0.00%,0.00%,0.00%,0.00%,0.00%,0.00%,0.00%,0.00%,0.00%,0.00%,0.00%,0.00%,23.90%,22.00%,19.90%,19.90%,19.90%,19.90%,19.90%,19.90%,19.90%,19.90%,19.90%,19.90%,19.90%,19.90%,19.90%,19.90%,19.90%,19.90%,19.90%,19.90%,19.90%,19.90%,19.90%,19.90%,19.90%,19.90%,19.90%,19.90%,19.90%,19.90%,19.90%,19.90%,19.90%,19.90%,19.90%,19.90%,19.90%,19.90%,19.90%,19.90%,19.90%,19.90%,19.90%,19.90%,19.90%,19.90%,19.90%,19.90%,19.90%,19.90%,19.90%,19.90%,19.90%,19.90%,19.90%,19.90%,19.90%,19.90%,19.90%,19.90%
S200R20V25C10#5,200,20,25,10,5,347386688,347386794.7,137.93,23,21,18,3600,333871648,14,3.28125,0.00%,0.00%,0.00%,,,,,,,,,,,,,,,,,,,,,,,,,,,,,,,,,,,,,,,,,,,,,,,,,,,,,,,,,,18.00%,15.10%,14.50%,14.50%,14.50%,14.50%,14.50%,14.50%,14.50%,14.50%,14.50%,14.50%,14.50%,14.50%,14.50%,14.50%,14.50%,14.50%,14.50%,14.50%,14.50%,14.50%,14.50%,14.50%,14.50%,14.50%,14.50%,14.50%,14.50%,14.50%,14.50%,14.50%,14.50%,14.50%,14.50%,14.50%,14.50%,14.50%,14.50%,14.50%,14.50%,14.50%,14.50%,14.50%,14.50%,14.50%,14.50%,14.50%,14.50%,14.50%,14.50%,14.50%,14.40%,14.40%,14.40%,14.40%,14.40%,14.40%,14.40%,14.40%
S200R20V25C15#1,200,20,25,15,1,74172520.56,74190699.98,3600,25,24,22,3600,69253664,16,3.5625,3.00%,3.00%,3.00%,3.00%,3.00%,3.00%,3.00%,3.00%,3.00%,3.00%,3.00%,3.00%,3.00%,3.00%,3.00%,3.00%,3.00%,3.00%,3.00%,3.00%,3.00%,3.00%,3.00%,3.00%,3.00%,3.00%,3.00%,3.00%,3.00%,3.00%,3.00%,3.00%,3.00%,3.00%,3.00%,3.00%,3.00%,3.00%,3.00%,3.00%,3.00%,3.00%,3.00%,3.00%,3.00%,3.00%,3.00%,3.00%,3.00%,3.00%,3.00%,2.00%,2.00%,2.00%,2.00%,2.00%,2.00%,2.00%,2.00%,2.00%,18.80%,18.80%,16.80%,16.70%,16.70%,15.50%,15.40%,15.30%,15.30%,15.20%,15.10%,15.10%,15.00%,15.00%,15.00%,11.40%,11.30%,11.30%,11.30%,11.20%,11.20%,11.20%,11.10%,11.10%,11.00%,10.90%,10.90%,10.90%,10.90%,10.90%,10.90%,10.80%,10.80%,10.80%,10.80%,10.80%,10.80%,10.70%,10.70%,10.70%,10.70%,10.70%,10.70%,10.70%,10.70%,10.70%,10.60%,10.60%,10.60%,10.60%,10.60%,10.50%,10.50%,10.50%,10.50%,10.50%,10.50%,10.40%,10.40%,10.40%
S200R20V25C15#2,200,20,25,15,2,192442496,192476582.6,3600,25,25,25,848.81,176677888,8,2.1875,10.00%,6.00%,5.00%,3.00%,3.00%,3.00%,3.00%,3.00%,3.00%,3.00%,3.00%,3.00%,3.00%,3.00%,3.00%,3.00%,3.00%,2.00%,2.00%,2.00%,2.00%,2.00%,2.00%,2.00%,2.00%,2.00%,2.00%,2.00%,2.00%,2.00%,2.00%,2.00%,2.00%,2.00%,2.00%,2.00%,2.00%,2.00%,2.00%,2.00%,2.00%,2.00%,2.00%,2.00%,2.00%,2.00%,2.00%,2.00%,2.00%,2.00%,2.00%,2.00%,2.00%,2.00%,2.00%,2.00%,2.00%,2.00%,2.00%,2.00%,7.93%,7.84%,7.84%,7.84%,7.83%,7.30%,7.19%,6.97%,6.87%,6.84%,6.20%,6.01%,5.57%,4.74%,0.00%,,,,,,,,,,,,,,,,,,,,,,,,,,,,,,,,,,,,,,,,,,,,,
S200R20V25C15#3,200,20,25,15,3,107746688,107875188,3600,25,25,23,3600,97531076,23,4.171875,24.00%,22.00%,21.00%,21.00%,19.00%,19.00%,19.00%,17.00%,17.00%,17.00%,16.00%,16.00%,16.00%,14.00%,14.00%,14.00%,14.00%,14.00%,14.00%,14.00%,14.00%,13.00%,13.00%,13.00%,13.00%,12.00%,12.00%,12.00%,12.00%,12.00%,12.00%,12.00%,12.00%,12.00%,12.00%,12.00%,12.00%,12.00%,12.00%,12.00%,12.00%,12.00%,12.00%,12.00%,12.00%,12.00%,12.00%,12.00%,12.00%,12.00%,12.00%,12.00%,12.00%,12.00%,12.00%,12.00%,,,,,15.40%,15.40%,15.40%,15.40%,15.30%,15.30%,14.60%,14.10%,14.10%,14.10%,14.00%,14.00%,14.00%,14.00%,14.00%,14.00%,14.00%,13.80%,13.80%,13.70%,13.60%,13.50%,13.50%,13.40%,13.40%,13.30%,13.20%,13.20%,13.10%,13.00%,12.80%,12.70%,12.70%,12.60%,12.60%,12.50%,12.40%,12.40%,12.30%,12.30%,12.20%,12.10%,12.10%,12.00%,12.00%,12.00%,11.90%,11.90%,11.80%,11.80%,11.70%,11.70%,11.70%,11.70%,11.60%,11.60%,11.60%,11.50%,8.00%,
S200R20V25C15#4,200,20,25,15,4,114538160,114619050.7,3600,25,25,25,19.03,104274272,25,3.875,21.00%,16.00%,14.00%,12.00%,11.00%,11.00%,11.00%,10.00%,9.00%,9.00%,9.00%,9.00%,9.00%,9.00%,9.00%,9.00%,9.00%,9.00%,9.00%,9.00%,8.00%,8.00%,8.00%,8.00%,8.00%,8.00%,8.00%,7.00%,7.00%,7.00%,7.00%,7.00%,7.00%,7.00%,7.00%,7.00%,7.00%,7.00%,7.00%,7.00%,7.00%,7.00%,7.00%,7.00%,7.00%,7.00%,7.00%,7.00%,7.00%,7.00%,7.00%,7.00%,7.00%,7.00%,7.00%,7.00%,7.00%,7.00%,7.00%,7.00%,0,,,,,,,,,,,,,,,,,,,,,,,,,,,,,,,,,,,,,,,,,,,,,,,,,,,,,,,,,,,
S200R20V25C15#5,200,20,25,15,5,320561280,320625109.6,3600,25,25,25,391.86,316712608.3,25,4.0625,6.00%,4.00%,4.00%,4.00%,4.00%,3.00%,3.00%,3.00%,3.00%,3.00%,3.00%,3.00%,3.00%,3.00%,2.00%,2.00%,2.00%,2.00%,2.00%,2.00%,2.00%,2.00%,2.00%,2.00%,2.00%,2.00%,2.00%,2.00%,2.00%,2.00%,2.00%,2.00%,2.00%,2.00%,2.00%,2.00%,2.00%,2.00%,2.00%,2.00%,2.00%,2.00%,2.00%,2.00%,2.00%,2.00%,2.00%,2.00%,2.00%,2.00%,2.00%,2.00%,2.00%,2.00%,2.00%,2.00%,2.00%,2.00%,2.00%,2.00%,5.31,5.29,5.19,5.15,5.13,4.97,0,,,,,,,,,,,,,,,,,,,,,,,,,,,,,,,,,,,,,,,,,,,,,,,,,,,,,
